co,co2,geo,met,model,no,no2,o3,pm1,pm10,pm25,raw_data_id,rh,sn,temp,timestamp,timestamp_local,url
803.39,582.54,"{'lat': None, 'lon': None}","{'rh': 83.0, 'temp': 12.3, 'wd': 0.0, 'ws': 0.0, 'ws_scalar': 0.0}","{'gas': {'co': 13517, 'co2': 13280, 'no': 13605, 'no2': 13786, 'o3': 13764}, 'pm': {'pm1': 13257, 'pm10': 13259, 'pm25': 13258}}",2.45,22.21,26.59,3.92,17.35,4.71,356725759,83.0,MOD-00632,12.3,2025-04-07T03:58:23,2025-04-06T20:58:23,https://api.quant-aq.com/v1/devices/MOD-00632/data/356725661
823.57,586.75,"{'lat': None, 'lon': None}","{'rh': 82.9, 'temp': 12.3, 'wd': 0.0, 'ws': 0.0, 'ws_scalar': 0.0}","{'gas': {'co': 13517, 'co2': 13280, 'no': 13605, 'no2': 13786, 'o3': 13764}, 'pm': {'pm1': 13257, 'pm10': 13259, 'pm25': 13258}}",2.45,22.45,26.99,3.96,8.36,4.85,356725761,82.9,MOD-00632,12.3,2025-04-07T03:57:23,2025-04-06T20:57:23,https://api.quant-aq.com/v1/devices/MOD-00632/data/356725662
818.79,588.56,"{'lat': None, 'lon': None}","{'rh': 82.7, 'temp': 12.3, 'wd': 0.0, 'ws': 0.0, 'ws_scalar': 0.0}","{'gas': {'co': 13517, 'co2': 13280, 'no': 13605, 'no2': 13786, 'o3': 13764}, 'pm': {'pm1': 13257, 'pm10': 13259, 'pm25': 13258}}",2.45,21.98,26.64,4.4,6.08,5.07,356725760,82.7,MOD-00632,12.3,2025-04-07T03:56:23,2025-04-06T20:56:23,https://api.quant-aq.com/v1/devices/MOD-00632/data/356725664
786.5,584.95,"{'lat': None, 'lon': None}","{'rh': 82.5, 'temp': 12.3, 'wd': 0.0, 'ws': 0.0, 'ws_scalar': 0.0}","{'gas': {'co': 13517, 'co2': 13280, 'no': 13605, 'no2': 13786, 'o3': 13764}, 'pm': {'pm1': 13257, 'pm10': 13259, 'pm25': 13258}}",2.45,21.99,27.81,4.41,5.79,5.15,356725762,82.5,MOD-00632,12.3,2025-04-07T03:55:23,2025-04-06T20:55:23,https://api.quant-aq.com/v1/devices/MOD-00632/data/356725663
780.61,588.08,"{'lat': None, 'lon': None}","{'rh': 82.7, 'temp': 12.3, 'wd': 0.0, 'ws': 0.0, 'ws_scalar': 0.0}","{'gas': {'co': 13517, 'co2': 13280, 'no': 13605, 'no2': 13786, 'o3': 13764}, 'pm': {'pm1': 13257, 'pm10': 13259, 'pm25': 13258}}",2.45,21.98,26.64,4.24,6.07,4.85,356723532,82.7,MOD-00632,12.3,2025-04-07T03:54:23,2025-04-06T20:54:23,https://api.quant-aq.com/v1/devices/MOD-00632/data/356723434
786.43,586.03,"{'lat': None, 'lon': None}","{'rh': 82.6, 'temp': 12.3, 'wd': 0.0, 'ws': 0.0, 'ws_scalar': 0.0}","{'gas': {'co': 13517, 'co2': 13280, 'no': 13605, 'no2': 13786, 'o3': 13764}, 'pm': {'pm1': 13257, 'pm10': 13259, 'pm25': 13258}}",2.45,21.51,27.41,4.17,6.78,4.83,356723535,82.6,MOD-00632,12.3,2025-04-07T03:53:23,2025-04-06T20:53:23,https://api.quant-aq.com/v1/devices/MOD-00632/data/356723437
779.86,585.43,"{'lat': None, 'lon': None}","{'rh': 82.6, 'temp': 12.3, 'wd': 0.0, 'ws': 0.0, 'ws_scalar': 0.0}","{'gas': {'co': 13517, 'co2': 13280, 'no': 13605, 'no2': 13786, 'o3': 13764}, 'pm': {'pm1': 13257, 'pm10': 13259, 'pm25': 13258}}",2.45,22.22,28.18,4.26,7.44,5.17,356723534,82.6,MOD-00632,12.3,2025-04-07T03:52:23,2025-04-06T20:52:23,https://api.quant-aq.com/v1/devices/MOD-00632/data/356723435
783.97,585.31,"{'lat': None, 'lon': None}","{'rh': 82.6, 'temp': 12.3, 'wd': 0.0, 'ws': 0.0, 'ws_scalar': 0.0}","{'gas': {'co': 13517, 'co2': 13280, 'no': 13605, 'no2': 13786, 'o3': 13764}, 'pm': {'pm1': 13257, 'pm10': 13259, 'pm25': 13258}}",2.45,21.51,27.41,3.68,5.9,4.4,356723533,82.6,MOD-00632,12.3,2025-04-07T03:51:23,2025-04-06T20:51:23,https://api.quant-aq.com/v1/devices/MOD-00632/data/356723436
783.86,586.51,"{'lat': None, 'lon': None}","{'rh': 82.9, 'temp': 12.4, 'wd': 0.0, 'ws': 0.0, 'ws_scalar': 0.0}","{'gas': {'co': 13517, 'co2': 13280, 'no': 13605, 'no2': 13786, 'o3': 13764}, 'pm': {'pm1': 13257, 'pm10': 13259, 'pm25': 13258}}",2.45,22.22,26.96,4.12,10.09,4.76,356721302,82.9,MOD-00632,12.4,2025-04-07T03:50:23,2025-04-06T20:50:23,https://api.quant-aq.com/v1/devices/MOD-00632/data/356721204
782.29,586.99,"{'lat': None, 'lon': None}","{'rh': 82.8, 'temp': 12.4, 'wd': 0.0, 'ws': 0.0, 'ws_scalar': 0.0}","{'gas': {'co': 13517, 'co2': 13280, 'no': 13605, 'no2': 13786, 'o3': 13764}, 'pm': {'pm1': 13257, 'pm10': 13259, 'pm25': 13258}}",2.45,21.51,27.36,4.12,15.77,4.96,356721299,82.8,MOD-00632,12.4,2025-04-07T03:49:23,2025-04-06T20:49:23,https://api.quant-aq.com/v1/devices/MOD-00632/data/356721201
782.22,587.11,"{'lat': None, 'lon': None}","{'rh': 82.9, 'temp': 12.4, 'wd': 0.0, 'ws': 0.0, 'ws_scalar': 0.0}","{'gas': {'co': 13517, 'co2': 13280, 'no': 13605, 'no2': 13786, 'o3': 13764}, 'pm': {'pm1': 13257, 'pm10': 13259, 'pm25': 13258}}",2.45,21.98,26.96,3.91,4.82,4.71,356721300,82.9,MOD-00632,12.4,2025-04-07T03:48:23,2025-04-06T20:48:23,https://api.quant-aq.com/v1/devices/MOD-00632/data/356721202
788.79,586.63,"{'lat': None, 'lon': None}","{'rh': 82.9, 'temp': 12.4, 'wd': 0.0, 'ws': 0.0, 'ws_scalar': 0.0}","{'gas': {'co': 13517, 'co2': 13280, 'no': 13605, 'no2': 13786, 'o3': 13764}, 'pm': {'pm1': 13257, 'pm10': 13259, 'pm25': 13258}}",2.45,21.98,26.96,3.82,5.7,4.51,356721301,82.9,MOD-00632,12.4,2025-04-07T03:47:23,2025-04-06T20:47:23,https://api.quant-aq.com/v1/devices/MOD-00632/data/356721203
785.65,588.44,"{'lat': None, 'lon': None}","{'rh': 82.7, 'temp': 12.4, 'wd': 0.0, 'ws': 0.0, 'ws_scalar': 0.0}","{'gas': {'co': 13517, 'co2': 13280, 'no': 13605, 'no2': 13786, 'o3': 13764}, 'pm': {'pm1': 13257, 'pm10': 13259, 'pm25': 13258}}",2.45,21.75,27.38,4.13,16.21,4.74,356719058,82.7,MOD-00632,12.4,2025-04-07T03:46:23,2025-04-06T20:46:23,https://api.quant-aq.com/v1/devices/MOD-00632/data/356718960
783.11,587.48,"{'lat': None, 'lon': None}","{'rh': 82.8, 'temp': 12.4, 'wd': 0.0, 'ws': 0.0, 'ws_scalar': 0.0}","{'gas': {'co': 13517, 'co2': 13280, 'no': 13605, 'no2': 13786, 'o3': 13764}, 'pm': {'pm1': 13257, 'pm10': 13259, 'pm25': 13258}}",2.45,22.46,27.36,3.88,5.36,4.53,356719059,82.8,MOD-00632,12.4,2025-04-07T03:45:23,2025-04-06T20:45:23,https://api.quant-aq.com/v1/devices/MOD-00632/data/356718961
781.06,588.32,"{'lat': None, 'lon': None}","{'rh': 82.8, 'temp': 12.4, 'wd': 0.0, 'ws': 0.0, 'ws_scalar': 0.0}","{'gas': {'co': 13517, 'co2': 13280, 'no': 13605, 'no2': 13786, 'o3': 13764}, 'pm': {'pm1': 13257, 'pm10': 13259, 'pm25': 13258}}",2.45,22.22,26.22,3.99,5.98,4.92,356719060,82.8,MOD-00632,12.4,2025-04-07T03:44:23,2025-04-06T20:44:23,https://api.quant-aq.com/v1/devices/MOD-00632/data/356718962
778.74,583.86,"{'lat': None, 'lon': None}","{'rh': 82.6, 'temp': 12.4, 'wd': 0.0, 'ws': 0.0, 'ws_scalar': 0.0}","{'gas': {'co': 13517, 'co2': 13280, 'no': 13605, 'no2': 13786, 'o3': 13764}, 'pm': {'pm1': 13257, 'pm10': 13259, 'pm25': 13258}}",2.45,21.76,28.15,3.74,5.97,4.81,356719057,82.6,MOD-00632,12.4,2025-04-07T03:43:23,2025-04-06T20:43:23,https://api.quant-aq.com/v1/devices/MOD-00632/data/356718959
787.02,582.66,"{'lat': None, 'lon': None}","{'rh': 82.5, 'temp': 12.4, 'wd': 0.0, 'ws': 0.0, 'ws_scalar': 0.0}","{'gas': {'co': 13517, 'co2': 13280, 'no': 13605, 'no2': 13786, 'o3': 13764}, 'pm': {'pm1': 13257, 'pm10': 13259, 'pm25': 13258}}",2.45,20.81,28.55,3.63,5.25,4.49,356716877,82.5,MOD-00632,12.4,2025-04-07T03:42:23,2025-04-06T20:42:23,https://api.quant-aq.com/v1/devices/MOD-00632/data/356716779
785.65,587.11,"{'lat': None, 'lon': None}","{'rh': 82.7, 'temp': 12.4, 'wd': 0.0, 'ws': 0.0, 'ws_scalar': 0.0}","{'gas': {'co': 13517, 'co2': 13280, 'no': 13605, 'no2': 13786, 'o3': 13764}, 'pm': {'pm1': 13257, 'pm10': 13259, 'pm25': 13258}}",2.45,21.75,27.76,3.93,6.87,4.73,356716876,82.7,MOD-00632,12.4,2025-04-07T03:41:23,2025-04-06T20:41:23,https://api.quant-aq.com/v1/devices/MOD-00632/data/356716778
781.13,585.67,"{'lat': None, 'lon': None}","{'rh': 82.7, 'temp': 12.4, 'wd': 0.0, 'ws': 0.0, 'ws_scalar': 0.0}","{'gas': {'co': 13517, 'co2': 13280, 'no': 13605, 'no2': 13786, 'o3': 13764}, 'pm': {'pm1': 13257, 'pm10': 13259, 'pm25': 13258}}",2.45,21.75,27.76,3.81,15.13,4.53,356716875,82.7,MOD-00632,12.4,2025-04-07T03:40:23,2025-04-06T20:40:23,https://api.quant-aq.com/v1/devices/MOD-00632/data/356716777
779.9,585.67,"{'lat': None, 'lon': None}","{'rh': 82.7, 'temp': 12.4, 'wd': 0.0, 'ws': 0.0, 'ws_scalar': 0.0}","{'gas': {'co': 13517, 'co2': 13280, 'no': 13605, 'no2': 13786, 'o3': 13764}, 'pm': {'pm1': 13257, 'pm10': 13259, 'pm25': 13258}}",2.45,21.75,27.0,3.73,4.87,4.48,356716874,82.7,MOD-00632,12.4,2025-04-07T03:39:23,2025-04-06T20:39:23,https://api.quant-aq.com/v1/devices/MOD-00632/data/356716776
780.31,586.87,"{'lat': None, 'lon': None}","{'rh': 82.7, 'temp': 12.4, 'wd': 0.0, 'ws': 0.0, 'ws_scalar': 0.0}","{'gas': {'co': 13517, 'co2': 13280, 'no': 13605, 'no2': 13786, 'o3': 13764}, 'pm': {'pm1': 13257, 'pm10': 13259, 'pm25': 13258}}",2.45,21.75,27.0,3.73,5.26,4.29,356714616,82.7,MOD-00632,12.4,2025-04-07T03:38:23,2025-04-06T20:38:23,https://api.quant-aq.com/v1/devices/MOD-00632/data/356714518
785.77,587.35,"{'lat': None, 'lon': None}","{'rh': 83.1, 'temp': 12.4, 'wd': 0.0, 'ws': 0.0, 'ws_scalar': 0.0}","{'gas': {'co': 13517, 'co2': 13280, 'no': 13605, 'no2': 13786, 'o3': 13764}, 'pm': {'pm1': 13257, 'pm10': 13259, 'pm25': 13258}}",2.45,22.92,26.17,3.59,5.82,4.16,356714619,83.1,MOD-00632,12.4,2025-04-07T03:37:23,2025-04-06T20:37:23,https://api.quant-aq.com/v1/devices/MOD-00632/data/356714521
784.2,585.31,"{'lat': None, 'lon': None}","{'rh': 83.0, 'temp': 12.4, 'wd': 0.0, 'ws': 0.0, 'ws_scalar': 0.0}","{'gas': {'co': 13517, 'co2': 13280, 'no': 13605, 'no2': 13786, 'o3': 13764}, 'pm': {'pm1': 13257, 'pm10': 13259, 'pm25': 13258}}",2.45,22.21,26.95,3.43,5.27,4.36,356714618,83.0,MOD-00632,12.4,2025-04-07T03:36:23,2025-04-06T20:36:23,https://api.quant-aq.com/v1/devices/MOD-00632/data/356714520
779.83,584.34,"{'lat': None, 'lon': None}","{'rh': 82.8, 'temp': 12.4, 'wd': 0.0, 'ws': 0.0, 'ws_scalar': 0.0}","{'gas': {'co': 13517, 'co2': 13280, 'no': 13605, 'no2': 13786, 'o3': 13764}, 'pm': {'pm1': 13257, 'pm10': 13259, 'pm25': 13258}}",2.45,21.98,27.74,3.1,5.76,3.78,356714617,82.8,MOD-00632,12.4,2025-04-07T03:35:23,2025-04-06T20:35:23,https://api.quant-aq.com/v1/devices/MOD-00632/data/356714519
784.01,585.43,"{'lat': None, 'lon': None}","{'rh': 82.7, 'temp': 12.4, 'wd': 0.0, 'ws': 0.0, 'ws_scalar': 0.0}","{'gas': {'co': 13517, 'co2': 13280, 'no': 13605, 'no2': 13786, 'o3': 13764}, 'pm': {'pm1': 13257, 'pm10': 13259, 'pm25': 13258}}",2.45,21.52,28.14,3.36,4.12,3.97,356712346,82.7,MOD-00632,12.4,2025-04-07T03:34:23,2025-04-06T20:34:23,https://api.quant-aq.com/v1/devices/MOD-00632/data/356712249
779.01,586.39,"{'lat': None, 'lon': None}","{'rh': 82.8, 'temp': 12.4, 'wd': 0.0, 'ws': 0.0, 'ws_scalar': 0.0}","{'gas': {'co': 13517, 'co2': 13280, 'no': 13605, 'no2': 13786, 'o3': 13764}, 'pm': {'pm1': 13257, 'pm10': 13259, 'pm25': 13258}}",2.45,21.75,28.12,3.41,4.64,4.0,356712348,82.8,MOD-00632,12.4,2025-04-07T03:33:23,2025-04-06T20:33:23,https://api.quant-aq.com/v1/devices/MOD-00632/data/356712250
782.97,582.78,"{'lat': None, 'lon': None}","{'rh': 83.0, 'temp': 12.4, 'wd': 0.0, 'ws': 0.0, 'ws_scalar': 0.0}","{'gas': {'co': 13517, 'co2': 13280, 'no': 13605, 'no2': 13786, 'o3': 13764}, 'pm': {'pm1': 13257, 'pm10': 13259, 'pm25': 13258}}",2.45,21.27,28.47,3.36,6.4,3.83,356712347,83.0,MOD-00632,12.4,2025-04-07T03:32:23,2025-04-06T20:32:23,https://api.quant-aq.com/v1/devices/MOD-00632/data/356712248
784.27,586.87,"{'lat': None, 'lon': None}","{'rh': 82.9, 'temp': 12.4, 'wd': 0.0, 'ws': 0.0, 'ws_scalar': 0.0}","{'gas': {'co': 13517, 'co2': 13280, 'no': 13605, 'no2': 13786, 'o3': 13764}, 'pm': {'pm1': 13257, 'pm10': 13259, 'pm25': 13258}}",2.45,21.74,27.34,3.37,4.61,3.95,356712349,82.9,MOD-00632,12.4,2025-04-07T03:31:23,2025-04-06T20:31:23,https://api.quant-aq.com/v1/devices/MOD-00632/data/356712251
780.99,584.34,"{'lat': None, 'lon': None}","{'rh': 82.9, 'temp': 12.4, 'wd': 0.0, 'ws': 0.0, 'ws_scalar': 0.0}","{'gas': {'co': 13517, 'co2': 13280, 'no': 13605, 'no2': 13786, 'o3': 13764}, 'pm': {'pm1': 13257, 'pm10': 13259, 'pm25': 13258}}",2.45,21.98,28.11,3.68,6.2,4.28,356710094,82.9,MOD-00632,12.4,2025-04-07T03:30:23,2025-04-06T20:30:23,https://api.quant-aq.com/v1/devices/MOD-00632/data/356709996
780.72,581.45,"{'lat': None, 'lon': None}","{'rh': 82.7, 'temp': 12.4, 'wd': 0.0, 'ws': 0.0, 'ws_scalar': 0.0}","{'gas': {'co': 13517, 'co2': 13280, 'no': 13605, 'no2': 13786, 'o3': 13764}, 'pm': {'pm1': 13257, 'pm10': 13259, 'pm25': 13258}}",2.45,21.75,28.14,3.78,6.48,4.57,356710096,82.7,MOD-00632,12.4,2025-04-07T03:29:23,2025-04-06T20:29:23,https://api.quant-aq.com/v1/devices/MOD-00632/data/356709998
777.85,588.56,"{'lat': None, 'lon': None}","{'rh': 82.7, 'temp': 12.4, 'wd': 0.0, 'ws': 0.0, 'ws_scalar': 0.0}","{'gas': {'co': 13517, 'co2': 13280, 'no': 13605, 'no2': 13786, 'o3': 13764}, 'pm': {'pm1': 13257, 'pm10': 13259, 'pm25': 13258}}",2.45,21.75,28.14,3.34,9.36,3.81,356710098,82.7,MOD-00632,12.4,2025-04-07T03:28:23,2025-04-06T20:28:23,https://api.quant-aq.com/v1/devices/MOD-00632/data/356710000
781.13,585.55,"{'lat': None, 'lon': None}","{'rh': 82.7, 'temp': 12.4, 'wd': 0.0, 'ws': 0.0, 'ws_scalar': 0.0}","{'gas': {'co': 13517, 'co2': 13280, 'no': 13605, 'no2': 13786, 'o3': 13764}, 'pm': {'pm1': 13257, 'pm10': 13259, 'pm25': 13258}}",2.45,21.04,28.14,3.62,5.93,4.23,356710092,82.7,MOD-00632,12.4,2025-04-07T03:27:23,2025-04-06T20:27:23,https://api.quant-aq.com/v1/devices/MOD-00632/data/356709995
781.2,588.32,"{'lat': None, 'lon': None}","{'rh': 82.6, 'temp': 12.4, 'wd': 0.0, 'ws': 0.0, 'ws_scalar': 0.0}","{'gas': {'co': 13517, 'co2': 13280, 'no': 13605, 'no2': 13786, 'o3': 13764}, 'pm': {'pm1': 13257, 'pm10': 13259, 'pm25': 13258}}",2.45,22.47,27.39,3.57,7.08,4.32,356707830,82.6,MOD-00632,12.4,2025-04-07T03:26:23,2025-04-06T20:26:23,https://api.quant-aq.com/v1/devices/MOD-00632/data/356707732
781.27,586.39,"{'lat': None, 'lon': None}","{'rh': 82.5, 'temp': 12.4, 'wd': 0.0, 'ws': 0.0, 'ws_scalar': 0.0}","{'gas': {'co': 13517, 'co2': 13280, 'no': 13605, 'no2': 13786, 'o3': 13764}, 'pm': {'pm1': 13257, 'pm10': 13259, 'pm25': 13258}}",2.45,21.76,28.55,3.66,5.35,4.16,356707831,82.5,MOD-00632,12.4,2025-04-07T03:25:23,2025-04-06T20:25:23,https://api.quant-aq.com/v1/devices/MOD-00632/data/356707733
777.76,586.75,"{'lat': None, 'lon': None}","{'rh': 82.4, 'temp': 12.5, 'wd': 0.0, 'ws': 0.0, 'ws_scalar': 0.0}","{'gas': {'co': 13517, 'co2': 13280, 'no': 13605, 'no2': 13786, 'o3': 13764}, 'pm': {'pm1': 13257, 'pm10': 13259, 'pm25': 13258}}",2.45,21.54,28.92,3.65,5.88,4.31,356707829,82.4,MOD-00632,12.5,2025-04-07T03:24:23,2025-04-06T20:24:23,https://api.quant-aq.com/v1/devices/MOD-00632/data/356707731
780.36,582.9,"{'lat': None, 'lon': None}","{'rh': 82.2, 'temp': 12.5, 'wd': 0.0, 'ws': 0.0, 'ws_scalar': 0.0}","{'gas': {'co': 13517, 'co2': 13280, 'no': 13605, 'no2': 13786, 'o3': 13764}, 'pm': {'pm1': 13257, 'pm10': 13259, 'pm25': 13258}}",2.45,21.31,28.95,3.29,4.18,3.89,356707828,82.2,MOD-00632,12.5,2025-04-07T03:23:23,2025-04-06T20:23:23,https://api.quant-aq.com/v1/devices/MOD-00632/data/356707730
778.24,583.14,"{'lat': None, 'lon': None}","{'rh': 82.3, 'temp': 12.5, 'wd': 0.0, 'ws': 0.0, 'ws_scalar': 0.0}","{'gas': {'co': 13517, 'co2': 13280, 'no': 13605, 'no2': 13786, 'o3': 13764}, 'pm': {'pm1': 13257, 'pm10': 13259, 'pm25': 13258}}",2.45,21.54,28.94,3.49,6.81,4.07,356705667,82.3,MOD-00632,12.5,2025-04-07T03:22:23,2025-04-06T20:22:23,https://api.quant-aq.com/v1/devices/MOD-00632/data/356705569
779.81,585.31,"{'lat': None, 'lon': None}","{'rh': 82.4, 'temp': 12.5, 'wd': 0.0, 'ws': 0.0, 'ws_scalar': 0.0}","{'gas': {'co': 13517, 'co2': 13280, 'no': 13605, 'no2': 13786, 'o3': 13764}, 'pm': {'pm1': 13257, 'pm10': 13259, 'pm25': 13258}}",2.45,21.54,28.16,3.42,8.24,4.08,356705668,82.4,MOD-00632,12.5,2025-04-07T03:21:23,2025-04-06T20:21:23,https://api.quant-aq.com/v1/devices/MOD-00632/data/356705570
779.26,582.18,"{'lat': None, 'lon': None}","{'rh': 82.6, 'temp': 12.5, 'wd': 0.0, 'ws': 0.0, 'ws_scalar': 0.0}","{'gas': {'co': 13517, 'co2': 13280, 'no': 13605, 'no2': 13786, 'o3': 13764}, 'pm': {'pm1': 13257, 'pm10': 13259, 'pm25': 13258}}",2.45,21.53,27.75,3.43,4.23,4.13,356705665,82.6,MOD-00632,12.5,2025-04-07T03:20:23,2025-04-06T20:20:23,https://api.quant-aq.com/v1/devices/MOD-00632/data/356705567
773.92,582.06,"{'lat': None, 'lon': None}","{'rh': 82.6, 'temp': 12.5, 'wd': 0.0, 'ws': 0.0, 'ws_scalar': 0.0}","{'gas': {'co': 13517, 'co2': 13280, 'no': 13605, 'no2': 13786, 'o3': 13764}, 'pm': {'pm1': 13257, 'pm10': 13259, 'pm25': 13258}}",2.45,21.53,28.89,3.34,5.08,3.91,356705666,82.6,MOD-00632,12.5,2025-04-07T03:19:23,2025-04-06T20:19:23,https://api.quant-aq.com/v1/devices/MOD-00632/data/356705568
778.38,582.9,"{'lat': None, 'lon': None}","{'rh': 82.1, 'temp': 12.5, 'wd': 0.0, 'ws': 0.0, 'ws_scalar': 0.0}","{'gas': {'co': 13517, 'co2': 13280, 'no': 13605, 'no2': 13786, 'o3': 13764}, 'pm': {'pm1': 13257, 'pm10': 13259, 'pm25': 13258}}",2.45,21.07,29.73,3.02,5.31,3.58,356703400,82.1,MOD-00632,12.5,2025-04-07T03:18:23,2025-04-06T20:18:23,https://api.quant-aq.com/v1/devices/MOD-00632/data/356703303
776.95,582.78,"{'lat': None, 'lon': None}","{'rh': 81.8, 'temp': 12.5, 'wd': 0.0, 'ws': 0.0, 'ws_scalar': 0.0}","{'gas': {'co': 13517, 'co2': 13280, 'no': 13605, 'no2': 13786, 'o3': 13764}, 'pm': {'pm1': 13257, 'pm10': 13259, 'pm25': 13258}}",2.45,21.09,29.39,3.6,18.53,4.22,356703402,81.8,MOD-00632,12.5,2025-04-07T03:17:23,2025-04-06T20:17:23,https://api.quant-aq.com/v1/devices/MOD-00632/data/356703305
778.79,580.97,"{'lat': None, 'lon': None}","{'rh': 82.1, 'temp': 12.5, 'wd': 0.0, 'ws': 0.0, 'ws_scalar': 0.0}","{'gas': {'co': 13517, 'co2': 13280, 'no': 13605, 'no2': 13786, 'o3': 13764}, 'pm': {'pm1': 13257, 'pm10': 13259, 'pm25': 13258}}",2.45,20.84,29.35,3.57,6.26,4.16,356703398,82.1,MOD-00632,12.5,2025-04-07T03:16:23,2025-04-06T20:16:23,https://api.quant-aq.com/v1/devices/MOD-00632/data/356703301
776.6,581.57,"{'lat': None, 'lon': None}","{'rh': 82.3, 'temp': 12.5, 'wd': 0.0, 'ws': 0.0, 'ws_scalar': 0.0}","{'gas': {'co': 13517, 'co2': 13280, 'no': 13605, 'no2': 13786, 'o3': 13764}, 'pm': {'pm1': 13257, 'pm10': 13259, 'pm25': 13258}}",2.45,21.54,28.56,3.36,4.79,3.97,356703397,82.3,MOD-00632,12.5,2025-04-07T03:15:23,2025-04-06T20:15:23,https://api.quant-aq.com/v1/devices/MOD-00632/data/356703299
773.05,580.73,"{'lat': None, 'lon': None}","{'rh': 82.1, 'temp': 12.5, 'wd': 0.0, 'ws': 0.0, 'ws_scalar': 0.0}","{'gas': {'co': 13517, 'co2': 13280, 'no': 13605, 'no2': 13786, 'o3': 13764}, 'pm': {'pm1': 13257, 'pm10': 13259, 'pm25': 13258}}",2.45,20.6,28.97,3.66,5.47,4.13,356701147,82.1,MOD-00632,12.5,2025-04-07T03:14:23,2025-04-06T20:14:23,https://api.quant-aq.com/v1/devices/MOD-00632/data/356701049
773.46,583.62,"{'lat': None, 'lon': None}","{'rh': 82.1, 'temp': 12.5, 'wd': 0.0, 'ws': 0.0, 'ws_scalar': 0.0}","{'gas': {'co': 13517, 'co2': 13280, 'no': 13605, 'no2': 13786, 'o3': 13764}, 'pm': {'pm1': 13257, 'pm10': 13259, 'pm25': 13258}}",2.45,21.07,29.35,2.99,4.33,3.91,356701146,82.1,MOD-00632,12.5,2025-04-07T03:13:23,2025-04-06T20:13:23,https://api.quant-aq.com/v1/devices/MOD-00632/data/356701048
774.8,583.62,"{'lat': None, 'lon': None}","{'rh': 82.1, 'temp': 12.6, 'wd': 0.0, 'ws': 0.0, 'ws_scalar': 0.0}","{'gas': {'co': 13517, 'co2': 13280, 'no': 13605, 'no2': 13786, 'o3': 13764}, 'pm': {'pm1': 13257, 'pm10': 13259, 'pm25': 13258}}",2.45,21.08,29.33,3.29,4.54,3.87,356701145,82.1,MOD-00632,12.6,2025-04-07T03:12:23,2025-04-06T20:12:23,https://api.quant-aq.com/v1/devices/MOD-00632/data/356701047
778.01,584.7,"{'lat': None, 'lon': None}","{'rh': 82.2, 'temp': 12.6, 'wd': 0.0, 'ws': 0.0, 'ws_scalar': 0.0}","{'gas': {'co': 13517, 'co2': 13280, 'no': 13605, 'no2': 13786, 'o3': 13764}, 'pm': {'pm1': 13257, 'pm10': 13259, 'pm25': 13258}}",2.45,21.08,29.31,3.43,7.6,4.11,356701144,82.2,MOD-00632,12.6,2025-04-07T03:11:23,2025-04-06T20:11:23,https://api.quant-aq.com/v1/devices/MOD-00632/data/356701046
771.31,586.51,"{'lat': None, 'lon': None}","{'rh': 81.8, 'temp': 12.6, 'wd': 0.0, 'ws': 0.0, 'ws_scalar': 0.0}","{'gas': {'co': 13517, 'co2': 13280, 'no': 13605, 'no2': 13786, 'o3': 13764}, 'pm': {'pm1': 13257, 'pm10': 13259, 'pm25': 13258}}",2.45,21.33,29.37,3.22,7.95,3.64,356698887,81.8,MOD-00632,12.6,2025-04-07T03:10:23,2025-04-06T20:10:23,https://api.quant-aq.com/v1/devices/MOD-00632/data/356698789
776.65,583.98,"{'lat': None, 'lon': None}","{'rh': 81.8, 'temp': 12.6, 'wd': 0.0, 'ws': 0.0, 'ws_scalar': 0.0}","{'gas': {'co': 13517, 'co2': 13280, 'no': 13605, 'no2': 13786, 'o3': 13764}, 'pm': {'pm1': 13257, 'pm10': 13259, 'pm25': 13258}}",2.45,20.62,30.13,3.77,4.4,4.18,356698888,81.8,MOD-00632,12.6,2025-04-07T03:09:23,2025-04-06T20:09:23,https://api.quant-aq.com/v1/devices/MOD-00632/data/356698790
768.3,583.02,"{'lat': None, 'lon': None}","{'rh': 82.0, 'temp': 12.6, 'wd': 0.0, 'ws': 0.0, 'ws_scalar': 0.0}","{'gas': {'co': 13517, 'co2': 13280, 'no': 13605, 'no2': 13786, 'o3': 13764}, 'pm': {'pm1': 13257, 'pm10': 13259, 'pm25': 13258}}",2.45,21.09,28.96,3.76,7.51,4.37,356698890,82.0,MOD-00632,12.6,2025-04-07T03:08:23,2025-04-06T20:08:23,https://api.quant-aq.com/v1/devices/MOD-00632/data/356698791
776.99,582.06,"{'lat': None, 'lon': None}","{'rh': 81.9, 'temp': 12.6, 'wd': 0.0, 'ws': 0.0, 'ws_scalar': 0.0}","{'gas': {'co': 13517, 'co2': 13280, 'no': 13605, 'no2': 13786, 'o3': 13764}, 'pm': {'pm1': 13257, 'pm10': 13259, 'pm25': 13258}}",2.45,20.62,29.36,3.32,5.1,4.25,356698889,81.9,MOD-00632,12.6,2025-04-07T03:07:23,2025-04-06T20:07:23,https://api.quant-aq.com/v1/devices/MOD-00632/data/356698792
775.35,580.13,"{'lat': None, 'lon': None}","{'rh': 81.9, 'temp': 12.6, 'wd': 0.0, 'ws': 0.0, 'ws_scalar': 0.0}","{'gas': {'co': 13517, 'co2': 13280, 'no': 13605, 'no2': 13786, 'o3': 13764}, 'pm': {'pm1': 13257, 'pm10': 13259, 'pm25': 13258}}",2.45,21.09,28.98,3.28,4.96,3.78,356696662,81.9,MOD-00632,12.6,2025-04-07T03:06:23,2025-04-06T20:06:23,https://api.quant-aq.com/v1/devices/MOD-00632/data/356696564
775.8,586.75,"{'lat': None, 'lon': None}","{'rh': 82.0, 'temp': 12.7, 'wd': 0.0, 'ws': 0.0, 'ws_scalar': 0.0}","{'gas': {'co': 13517, 'co2': 13280, 'no': 13605, 'no2': 13786, 'o3': 13764}, 'pm': {'pm1': 13257, 'pm10': 13259, 'pm25': 13258}}",2.45,21.33,28.94,3.58,6.1,4.23,356696660,82.0,MOD-00632,12.7,2025-04-07T03:05:23,2025-04-06T20:05:23,https://api.quant-aq.com/v1/devices/MOD-00632/data/356696562
776.96,583.74,"{'lat': None, 'lon': None}","{'rh': 82.1, 'temp': 12.7, 'wd': 0.0, 'ws': 0.0, 'ws_scalar': 0.0}","{'gas': {'co': 13517, 'co2': 13280, 'no': 13605, 'no2': 13786, 'o3': 13764}, 'pm': {'pm1': 13257, 'pm10': 13259, 'pm25': 13258}}",2.45,20.85,28.54,3.3,15.48,4.05,356696659,82.1,MOD-00632,12.7,2025-04-07T03:04:23,2025-04-06T20:04:23,https://api.quant-aq.com/v1/devices/MOD-00632/data/356696561
775.8,581.57,"{'lat': None, 'lon': None}","{'rh': 82.0, 'temp': 12.7, 'wd': 0.0, 'ws': 0.0, 'ws_scalar': 0.0}","{'gas': {'co': 13517, 'co2': 13280, 'no': 13605, 'no2': 13786, 'o3': 13764}, 'pm': {'pm1': 13257, 'pm10': 13259, 'pm25': 13258}}",2.45,20.38,28.94,3.54,6.29,4.09,356696657,82.0,MOD-00632,12.7,2025-04-07T03:03:23,2025-04-06T20:03:23,https://api.quant-aq.com/v1/devices/MOD-00632/data/356696559
771.76,582.42,"{'lat': None, 'lon': None}","{'rh': 81.9, 'temp': 12.7, 'wd': 0.0, 'ws': 0.0, 'ws_scalar': 0.0}","{'gas': {'co': 13517, 'co2': 13280, 'no': 13605, 'no2': 13786, 'o3': 13764}, 'pm': {'pm1': 13257, 'pm10': 13259, 'pm25': 13258}}",2.45,21.33,28.95,3.47,5.17,4.01,356694480,81.9,MOD-00632,12.7,2025-04-07T03:02:23,2025-04-06T20:02:23,https://api.quant-aq.com/v1/devices/MOD-00632/data/356694382
769.37,583.5,"{'lat': None, 'lon': None}","{'rh': 81.8, 'temp': 12.7, 'wd': 0.0, 'ws': 0.0, 'ws_scalar': 0.0}","{'gas': {'co': 13517, 'co2': 13280, 'no': 13605, 'no2': 13786, 'o3': 13764}, 'pm': {'pm1': 13257, 'pm10': 13259, 'pm25': 13258}}",2.45,20.63,29.35,3.41,3.98,3.9,356694478,81.8,MOD-00632,12.7,2025-04-07T03:01:23,2025-04-06T20:01:23,https://api.quant-aq.com/v1/devices/MOD-00632/data/356694380
775.95,585.67,"{'lat': None, 'lon': None}","{'rh': 81.2, 'temp': 12.7, 'wd': 0.0, 'ws': 0.0, 'ws_scalar': 0.0}","{'gas': {'co': 13517, 'co2': 13280, 'no': 13605, 'no2': 13786, 'o3': 13764}, 'pm': {'pm1': 13257, 'pm10': 13259, 'pm25': 13258}}",2.45,20.42,29.82,3.54,5.82,4.37,356694479,81.2,MOD-00632,12.7,2025-04-07T03:00:23,2025-04-06T20:00:23,https://api.quant-aq.com/v1/devices/MOD-00632/data/356694381
781.15,584.46,"{'lat': None, 'lon': None}","{'rh': 81.4, 'temp': 12.7, 'wd': 0.0, 'ws': 0.0, 'ws_scalar': 0.0}","{'gas': {'co': 13517, 'co2': 13280, 'no': 13605, 'no2': 13786, 'o3': 13764}, 'pm': {'pm1': 13257, 'pm10': 13259, 'pm25': 13258}}",2.45,20.41,29.79,3.75,7.97,4.29,356694477,81.4,MOD-00632,12.7,2025-04-07T02:59:23,2025-04-06T19:59:23,https://api.quant-aq.com/v1/devices/MOD-00632/data/356694379
772.83,586.51,"{'lat': None, 'lon': None}","{'rh': 81.7, 'temp': 12.8, 'wd': 0.0, 'ws': 0.0, 'ws_scalar': 0.0}","{'gas': {'co': 13517, 'co2': 13280, 'no': 13605, 'no2': 13786, 'o3': 13764}, 'pm': {'pm1': 13257, 'pm10': 13259, 'pm25': 13258}}",2.45,20.88,29.34,3.97,9.91,4.66,356692200,81.7,MOD-00632,12.8,2025-04-07T02:58:23,2025-04-06T19:58:23,https://api.quant-aq.com/v1/devices/MOD-00632/data/356692101
779.13,583.62,"{'lat': None, 'lon': None}","{'rh': 81.5, 'temp': 12.8, 'wd': 0.0, 'ws': 0.0, 'ws_scalar': 0.0}","{'gas': {'co': 13517, 'co2': 13280, 'no': 13605, 'no2': 13786, 'o3': 13764}, 'pm': {'pm1': 13257, 'pm10': 13259, 'pm25': 13258}}",2.45,20.41,30.51,3.72,5.12,4.35,356692202,81.5,MOD-00632,12.8,2025-04-07T02:57:23,2025-04-06T19:57:23,https://api.quant-aq.com/v1/devices/MOD-00632/data/356692103
778.38,585.67,"{'lat': None, 'lon': None}","{'rh': 81.4, 'temp': 12.8, 'wd': 0.0, 'ws': 0.0, 'ws_scalar': 0.0}","{'gas': {'co': 13517, 'co2': 13280, 'no': 13605, 'no2': 13786, 'o3': 13764}, 'pm': {'pm1': 13257, 'pm10': 13259, 'pm25': 13258}}",2.45,20.41,30.14,3.84,7.46,4.67,356692201,81.4,MOD-00632,12.8,2025-04-07T02:56:23,2025-04-06T19:56:23,https://api.quant-aq.com/v1/devices/MOD-00632/data/356692104
780.92,586.27,"{'lat': None, 'lon': None}","{'rh': 81.3, 'temp': 12.8, 'wd': 0.0, 'ws': 0.0, 'ws_scalar': 0.0}","{'gas': {'co': 13517, 'co2': 13280, 'no': 13605, 'no2': 13786, 'o3': 13764}, 'pm': {'pm1': 13257, 'pm10': 13259, 'pm25': 13258}}",2.45,20.42,30.91,4.05,5.43,4.97,356692199,81.3,MOD-00632,12.8,2025-04-07T02:55:23,2025-04-06T19:55:23,https://api.quant-aq.com/v1/devices/MOD-00632/data/356692102
788.23,586.39,"{'lat': None, 'lon': None}","{'rh': 81.4, 'temp': 12.8, 'wd': 0.0, 'ws': 0.0, 'ws_scalar': 0.0}","{'gas': {'co': 13517, 'co2': 13280, 'no': 13605, 'no2': 13786, 'o3': 13764}, 'pm': {'pm1': 13257, 'pm10': 13259, 'pm25': 13258}}",2.45,19.7,30.14,3.44,5.96,4.08,356689956,81.4,MOD-00632,12.8,2025-04-07T02:54:23,2025-04-06T19:54:23,https://api.quant-aq.com/v1/devices/MOD-00632/data/356689858
793.16,589.88,"{'lat': None, 'lon': None}","{'rh': 81.4, 'temp': 12.8, 'wd': 0.0, 'ws': 0.0, 'ws_scalar': 0.0}","{'gas': {'co': 13517, 'co2': 13280, 'no': 13605, 'no2': 13786, 'o3': 13764}, 'pm': {'pm1': 13257, 'pm10': 13259, 'pm25': 13258}}",2.45,19.7,30.14,3.93,6.1,4.6,356689958,81.4,MOD-00632,12.8,2025-04-07T02:53:23,2025-04-06T19:53:23,https://api.quant-aq.com/v1/devices/MOD-00632/data/356689860
813.49,589.16,"{'lat': None, 'lon': None}","{'rh': 82.4, 'temp': 12.9, 'wd': 0.0, 'ws': 0.0, 'ws_scalar': 0.0}","{'gas': {'co': 13517, 'co2': 13280, 'no': 13605, 'no2': 13786, 'o3': 13764}, 'pm': {'pm1': 13257, 'pm10': 13259, 'pm25': 13258}}",2.45,20.14,28.83,3.79,5.16,4.62,356689959,82.4,MOD-00632,12.9,2025-04-07T02:52:23,2025-04-06T19:52:23,https://api.quant-aq.com/v1/devices/MOD-00632/data/356689861
828.33,585.67,"{'lat': None, 'lon': None}","{'rh': 82.9, 'temp': 12.9, 'wd': 0.0, 'ws': 0.0, 'ws_scalar': 0.0}","{'gas': {'co': 13517, 'co2': 13280, 'no': 13605, 'no2': 13786, 'o3': 13764}, 'pm': {'pm1': 13257, 'pm10': 13259, 'pm25': 13258}}",2.45,21.07,28.37,3.73,9.3,4.41,356689957,82.9,MOD-00632,12.9,2025-04-07T02:51:23,2025-04-06T19:51:23,https://api.quant-aq.com/v1/devices/MOD-00632/data/356689859
834.24,583.98,"{'lat': None, 'lon': None}","{'rh': 83.1, 'temp': 12.8, 'wd': 0.0, 'ws': 0.0, 'ws_scalar': 0.0}","{'gas': {'co': 13517, 'co2': 13280, 'no': 13605, 'no2': 13786, 'o3': 13764}, 'pm': {'pm1': 13257, 'pm10': 13259, 'pm25': 13258}}",2.45,21.53,28.37,3.54,7.19,4.43,356687681,83.1,MOD-00632,12.8,2025-04-07T02:50:23,2025-04-06T19:50:23,https://api.quant-aq.com/v1/devices/MOD-00632/data/356687584
832.18,590.0,"{'lat': None, 'lon': None}","{'rh': 83.1, 'temp': 12.8, 'wd': 0.0, 'ws': 0.0, 'ws_scalar': 0.0}","{'gas': {'co': 13517, 'co2': 13280, 'no': 13605, 'no2': 13786, 'o3': 13764}, 'pm': {'pm1': 13257, 'pm10': 13259, 'pm25': 13258}}",2.45,21.53,28.37,3.74,11.46,4.76,356687678,83.1,MOD-00632,12.8,2025-04-07T02:49:23,2025-04-06T19:49:23,https://api.quant-aq.com/v1/devices/MOD-00632/data/356687581
814.6,585.67,"{'lat': None, 'lon': None}","{'rh': 83.0, 'temp': 12.8, 'wd': 0.0, 'ws': 0.0, 'ws_scalar': 0.0}","{'gas': {'co': 13517, 'co2': 13280, 'no': 13605, 'no2': 13786, 'o3': 13764}, 'pm': {'pm1': 13257, 'pm10': 13259, 'pm25': 13258}}",2.45,21.06,28.76,3.4,17.09,4.02,356687676,83.0,MOD-00632,12.8,2025-04-07T02:48:23,2025-04-06T19:48:23,https://api.quant-aq.com/v1/devices/MOD-00632/data/356687579
811.87,585.79,"{'lat': None, 'lon': None}","{'rh': 82.8, 'temp': 12.8, 'wd': 0.0, 'ws': 0.0, 'ws_scalar': 0.0}","{'gas': {'co': 13517, 'co2': 13280, 'no': 13605, 'no2': 13786, 'o3': 13764}, 'pm': {'pm1': 13257, 'pm10': 13259, 'pm25': 13258}}",2.45,21.3,29.17,3.49,11.79,4.31,356687677,82.8,MOD-00632,12.8,2025-04-07T02:47:23,2025-04-06T19:47:23,https://api.quant-aq.com/v1/devices/MOD-00632/data/356687578
815.3,588.8,"{'lat': None, 'lon': None}","{'rh': 82.6, 'temp': 12.8, 'wd': 0.0, 'ws': 0.0, 'ws_scalar': 0.0}","{'gas': {'co': 13517, 'co2': 13280, 'no': 13605, 'no2': 13786, 'o3': 13764}, 'pm': {'pm1': 13257, 'pm10': 13259, 'pm25': 13258}}",2.45,21.08,29.2,3.97,6.34,4.57,356685434,82.6,MOD-00632,12.8,2025-04-07T02:46:23,2025-04-06T19:46:23,https://api.quant-aq.com/v1/devices/MOD-00632/data/356685336
805.57,587.48,"{'lat': None, 'lon': None}","{'rh': 83.0, 'temp': 12.8, 'wd': 0.0, 'ws': 0.0, 'ws_scalar': 0.0}","{'gas': {'co': 13517, 'co2': 13280, 'no': 13605, 'no2': 13786, 'o3': 13764}, 'pm': {'pm1': 13257, 'pm10': 13259, 'pm25': 13258}}",2.45,21.06,28.0,3.65,5.87,4.25,356685437,83.0,MOD-00632,12.8,2025-04-07T02:45:23,2025-04-06T19:45:23,https://api.quant-aq.com/v1/devices/MOD-00632/data/356685339
802.63,589.76,"{'lat': None, 'lon': None}","{'rh': 83.1, 'temp': 12.8, 'wd': 0.0, 'ws': 0.0, 'ws_scalar': 0.0}","{'gas': {'co': 13517, 'co2': 13280, 'no': 13605, 'no2': 13786, 'o3': 13764}, 'pm': {'pm1': 13257, 'pm10': 13259, 'pm25': 13258}}",2.45,21.05,28.37,3.35,7.83,4.32,356685435,83.1,MOD-00632,12.8,2025-04-07T02:44:23,2025-04-06T19:44:23,https://api.quant-aq.com/v1/devices/MOD-00632/data/356685337
791.54,588.08,"{'lat': None, 'lon': None}","{'rh': 83.1, 'temp': 12.8, 'wd': 0.0, 'ws': 0.0, 'ws_scalar': 0.0}","{'gas': {'co': 13517, 'co2': 13280, 'no': 13605, 'no2': 13786, 'o3': 13764}, 'pm': {'pm1': 13257, 'pm10': 13259, 'pm25': 13258}}",2.45,21.76,28.37,3.43,8.55,4.18,356685436,83.1,MOD-00632,12.8,2025-04-07T02:43:23,2025-04-06T19:43:23,https://api.quant-aq.com/v1/devices/MOD-00632/data/356685338
791.95,587.11,"{'lat': None, 'lon': None}","{'rh': 83.1, 'temp': 12.8, 'wd': 0.0, 'ws': 0.0, 'ws_scalar': 0.0}","{'gas': {'co': 13517, 'co2': 13280, 'no': 13605, 'no2': 13786, 'o3': 13764}, 'pm': {'pm1': 13257, 'pm10': 13259, 'pm25': 13258}}",2.45,21.29,29.13,3.35,6.16,4.03,356683215,83.1,MOD-00632,12.8,2025-04-07T02:42:23,2025-04-06T19:42:23,https://api.quant-aq.com/v1/devices/MOD-00632/data/356683116
787.03,586.51,"{'lat': None, 'lon': None}","{'rh': 83.1, 'temp': 12.8, 'wd': 0.0, 'ws': 0.0, 'ws_scalar': 0.0}","{'gas': {'co': 13517, 'co2': 13280, 'no': 13605, 'no2': 13786, 'o3': 13764}, 'pm': {'pm1': 13257, 'pm10': 13259, 'pm25': 13258}}",2.45,21.05,29.13,3.42,11.26,4.12,356683216,83.1,MOD-00632,12.8,2025-04-07T02:41:23,2025-04-06T19:41:23,https://api.quant-aq.com/v1/devices/MOD-00632/data/356683118
791.95,588.32,"{'lat': None, 'lon': None}","{'rh': 83.1, 'temp': 12.8, 'wd': 0.0, 'ws': 0.0, 'ws_scalar': 0.0}","{'gas': {'co': 13517, 'co2': 13280, 'no': 13605, 'no2': 13786, 'o3': 13764}, 'pm': {'pm1': 13257, 'pm10': 13259, 'pm25': 13258}}",2.45,21.05,28.75,3.74,14.16,4.66,356683214,83.1,MOD-00632,12.8,2025-04-07T02:40:23,2025-04-06T19:40:23,https://api.quant-aq.com/v1/devices/MOD-00632/data/356683117
789.38,585.55,"{'lat': None, 'lon': None}","{'rh': 83.1, 'temp': 12.7, 'wd': 0.0, 'ws': 0.0, 'ws_scalar': 0.0}","{'gas': {'co': 13517, 'co2': 13280, 'no': 13605, 'no2': 13786, 'o3': 13764}, 'pm': {'pm1': 13257, 'pm10': 13259, 'pm25': 13258}}",2.45,21.05,28.77,3.5,8.32,4.13,356683213,83.1,MOD-00632,12.7,2025-04-07T02:39:23,2025-04-06T19:39:23,https://api.quant-aq.com/v1/devices/MOD-00632/data/356683115
793.27,585.91,"{'lat': None, 'lon': None}","{'rh': 83.4, 'temp': 12.7, 'wd': 0.0, 'ws': 0.0, 'ws_scalar': 0.0}","{'gas': {'co': 13517, 'co2': 13280, 'no': 13605, 'no2': 13786, 'o3': 13764}, 'pm': {'pm1': 13257, 'pm10': 13259, 'pm25': 13258}}",2.45,21.75,28.72,3.4,6.93,4.1,356680945,83.4,MOD-00632,12.7,2025-04-07T02:38:23,2025-04-06T19:38:23,https://api.quant-aq.com/v1/devices/MOD-00632/data/356680847
791.51,583.26,"{'lat': None, 'lon': None}","{'rh': 83.0, 'temp': 12.7, 'wd': 0.0, 'ws': 0.0, 'ws_scalar': 0.0}","{'gas': {'co': 13517, 'co2': 13280, 'no': 13605, 'no2': 13786, 'o3': 13764}, 'pm': {'pm1': 13257, 'pm10': 13259, 'pm25': 13258}}",2.45,21.52,28.4,4.1,7.46,5.02,356680944,83.0,MOD-00632,12.7,2025-04-07T02:37:23,2025-04-06T19:37:23,https://api.quant-aq.com/v1/devices/MOD-00632/data/356680846
789.44,583.5,"{'lat': None, 'lon': None}","{'rh': 83.6, 'temp': 12.7, 'wd': 0.0, 'ws': 0.0, 'ws_scalar': 0.0}","{'gas': {'co': 13517, 'co2': 13280, 'no': 13605, 'no2': 13786, 'o3': 13764}, 'pm': {'pm1': 13257, 'pm10': 13259, 'pm25': 13258}}",2.64,21.97,27.55,2.97,14.93,3.63,356680946,83.6,MOD-00632,12.7,2025-04-07T02:36:23,2025-04-06T19:36:23,https://api.quant-aq.com/v1/devices/MOD-00632/data/356680848
781.99,582.66,"{'lat': None, 'lon': None}","{'rh': 83.1, 'temp': 12.7, 'wd': 0.0, 'ws': 0.0, 'ws_scalar': 0.0}","{'gas': {'co': 13517, 'co2': 13280, 'no': 13605, 'no2': 13786, 'o3': 13764}, 'pm': {'pm1': 13257, 'pm10': 13259, 'pm25': 13258}}",2.45,21.52,29.53,3.33,29.44,4.15,356680947,83.1,MOD-00632,12.7,2025-04-07T02:35:23,2025-04-06T19:35:23,https://api.quant-aq.com/v1/devices/MOD-00632/data/356680849
777.9,584.1,"{'lat': None, 'lon': None}","{'rh': 82.5, 'temp': 12.7, 'wd': 0.0, 'ws': 0.0, 'ws_scalar': 0.0}","{'gas': {'co': 13517, 'co2': 13280, 'no': 13605, 'no2': 13786, 'o3': 13764}, 'pm': {'pm1': 13257, 'pm10': 13259, 'pm25': 13258}}",2.45,20.6,30.0,3.29,8.66,3.98,356678738,82.5,MOD-00632,12.7,2025-04-07T02:34:23,2025-04-06T19:34:23,https://api.quant-aq.com/v1/devices/MOD-00632/data/356678640
782.47,585.31,"{'lat': None, 'lon': None}","{'rh': 83.0, 'temp': 12.7, 'wd': 0.0, 'ws': 0.0, 'ws_scalar': 0.0}","{'gas': {'co': 13517, 'co2': 13280, 'no': 13605, 'no2': 13786, 'o3': 13764}, 'pm': {'pm1': 13257, 'pm10': 13259, 'pm25': 13258}}",2.45,21.52,29.55,3.4,6.09,4.04,356678739,83.0,MOD-00632,12.7,2025-04-07T02:33:23,2025-04-06T19:33:23,https://api.quant-aq.com/v1/devices/MOD-00632/data/356678641
782.81,585.91,"{'lat': None, 'lon': None}","{'rh': 83.1, 'temp': 12.7, 'wd': 0.0, 'ws': 0.0, 'ws_scalar': 0.0}","{'gas': {'co': 13517, 'co2': 13280, 'no': 13605, 'no2': 13786, 'o3': 13764}, 'pm': {'pm1': 13257, 'pm10': 13259, 'pm25': 13258}}",2.45,21.52,28.77,3.12,12.65,4.03,356678740,83.1,MOD-00632,12.7,2025-04-07T02:32:23,2025-04-06T19:32:23,https://api.quant-aq.com/v1/devices/MOD-00632/data/356678642
782.55,585.43,"{'lat': None, 'lon': None}","{'rh': 82.9, 'temp': 12.7, 'wd': 0.0, 'ws': 0.0, 'ws_scalar': 0.0}","{'gas': {'co': 13517, 'co2': 13280, 'no': 13605, 'no2': 13786, 'o3': 13764}, 'pm': {'pm1': 13257, 'pm10': 13259, 'pm25': 13258}}",2.45,21.53,29.56,3.09,10.81,4.06,356678737,82.9,MOD-00632,12.7,2025-04-07T02:31:23,2025-04-06T19:31:23,https://api.quant-aq.com/v1/devices/MOD-00632/data/356678639
790.76,583.38,"{'lat': None, 'lon': None}","{'rh': 82.9, 'temp': 12.7, 'wd': 0.0, 'ws': 0.0, 'ws_scalar': 0.0}","{'gas': {'co': 13517, 'co2': 13280, 'no': 13605, 'no2': 13786, 'o3': 13764}, 'pm': {'pm1': 13257, 'pm10': 13259, 'pm25': 13258}}",2.45,21.77,29.18,3.02,7.65,3.69,356676450,82.9,MOD-00632,12.7,2025-04-07T02:30:23,2025-04-06T19:30:23,https://api.quant-aq.com/v1/devices/MOD-00632/data/356676352
794.86,584.34,"{'lat': None, 'lon': None}","{'rh': 82.9, 'temp': 12.7, 'wd': 0.0, 'ws': 0.0, 'ws_scalar': 0.0}","{'gas': {'co': 13517, 'co2': 13280, 'no': 13605, 'no2': 13786, 'o3': 13764}, 'pm': {'pm1': 13257, 'pm10': 13259, 'pm25': 13258}}",2.45,21.77,29.18,3.19,9.81,4.46,356676449,82.9,MOD-00632,12.7,2025-04-07T02:29:23,2025-04-06T19:29:23,https://api.quant-aq.com/v1/devices/MOD-00632/data/356676351
784.24,583.98,"{'lat': None, 'lon': None}","{'rh': 83.4, 'temp': 12.7, 'wd': 0.0, 'ws': 0.0, 'ws_scalar': 0.0}","{'gas': {'co': 13517, 'co2': 13280, 'no': 13605, 'no2': 13786, 'o3': 13764}, 'pm': {'pm1': 13257, 'pm10': 13259, 'pm25': 13258}}",2.45,21.51,29.1,3.4,13.54,4.41,356676447,83.4,MOD-00632,12.7,2025-04-07T02:28:23,2025-04-06T19:28:23,https://api.quant-aq.com/v1/devices/MOD-00632/data/356676349
789.52,583.26,"{'lat': None, 'lon': None}","{'rh': 82.9, 'temp': 12.7, 'wd': 0.0, 'ws': 0.0, 'ws_scalar': 0.0}","{'gas': {'co': 13517, 'co2': 13280, 'no': 13605, 'no2': 13786, 'o3': 13764}, 'pm': {'pm1': 13257, 'pm10': 13259, 'pm25': 13258}}",2.45,21.77,29.18,3.08,9.21,4.28,356676448,82.9,MOD-00632,12.7,2025-04-07T02:27:23,2025-04-06T19:27:23,https://api.quant-aq.com/v1/devices/MOD-00632/data/356676350
788.63,582.06,"{'lat': None, 'lon': None}","{'rh': 83.0, 'temp': 12.7, 'wd': 0.0, 'ws': 0.0, 'ws_scalar': 0.0}","{'gas': {'co': 13517, 'co2': 13280, 'no': 13605, 'no2': 13786, 'o3': 13764}, 'pm': {'pm1': 13257, 'pm10': 13259, 'pm25': 13258}}",2.45,21.52,29.93,3.48,10.18,4.37,356674196,83.0,MOD-00632,12.7,2025-04-07T02:26:23,2025-04-06T19:26:23,https://api.quant-aq.com/v1/devices/MOD-00632/data/356674098
783.99,583.62,"{'lat': None, 'lon': None}","{'rh': 82.6, 'temp': 12.7, 'wd': 0.0, 'ws': 0.0, 'ws_scalar': 0.0}","{'gas': {'co': 13517, 'co2': 13280, 'no': 13605, 'no2': 13786, 'o3': 13764}, 'pm': {'pm1': 13257, 'pm10': 13259, 'pm25': 13258}}",2.45,21.3,30.37,3.51,7.13,4.65,356674193,82.6,MOD-00632,12.7,2025-04-07T02:25:23,2025-04-06T19:25:23,https://api.quant-aq.com/v1/devices/MOD-00632/data/356674095
781.72,583.74,"{'lat': None, 'lon': None}","{'rh': 82.9, 'temp': 12.7, 'wd': 0.0, 'ws': 0.0, 'ws_scalar': 0.0}","{'gas': {'co': 13517, 'co2': 13280, 'no': 13605, 'no2': 13786, 'o3': 13764}, 'pm': {'pm1': 13257, 'pm10': 13259, 'pm25': 13258}}",2.45,22.24,29.18,3.23,8.83,4.04,356674195,82.9,MOD-00632,12.7,2025-04-07T02:24:23,2025-04-06T19:24:23,https://api.quant-aq.com/v1/devices/MOD-00632/data/356674097
789.6,583.38,"{'lat': None, 'lon': None}","{'rh': 82.8, 'temp': 12.7, 'wd': 0.0, 'ws': 0.0, 'ws_scalar': 0.0}","{'gas': {'co': 13517, 'co2': 13280, 'no': 13605, 'no2': 13786, 'o3': 13764}, 'pm': {'pm1': 13257, 'pm10': 13259, 'pm25': 13258}}",2.45,21.53,29.58,3.27,25.15,4.37,356674190,82.8,MOD-00632,12.7,2025-04-07T02:23:23,2025-04-06T19:23:23,https://api.quant-aq.com/v1/devices/MOD-00632/data/356674094
792.33,584.58,"{'lat': None, 'lon': None}","{'rh': 83.0, 'temp': 12.7, 'wd': 0.0, 'ws': 0.0, 'ws_scalar': 0.0}","{'gas': {'co': 13517, 'co2': 13280, 'no': 13605, 'no2': 13786, 'o3': 13764}, 'pm': {'pm1': 13257, 'pm10': 13259, 'pm25': 13258}}",2.45,21.76,28.79,3.34,9.61,4.04,356671996,83.0,MOD-00632,12.7,2025-04-07T02:22:23,2025-04-06T19:22:23,https://api.quant-aq.com/v1/devices/MOD-00632/data/356671898
792.6,581.57,"{'lat': None, 'lon': None}","{'rh': 83.2, 'temp': 12.7, 'wd': 0.0, 'ws': 0.0, 'ws_scalar': 0.0}","{'gas': {'co': 13517, 'co2': 13280, 'no': 13605, 'no2': 13786, 'o3': 13764}, 'pm': {'pm1': 13257, 'pm10': 13259, 'pm25': 13258}}",2.64,22.46,27.99,3.38,25.4,4.16,356671998,83.2,MOD-00632,12.7,2025-04-07T02:21:23,2025-04-06T19:21:23,https://api.quant-aq.com/v1/devices/MOD-00632/data/356671900
790.2,581.45,"{'lat': None, 'lon': None}","{'rh': 83.1, 'temp': 12.7, 'wd': 0.0, 'ws': 0.0, 'ws_scalar': 0.0}","{'gas': {'co': 13517, 'co2': 13280, 'no': 13605, 'no2': 13786, 'o3': 13764}, 'pm': {'pm1': 13257, 'pm10': 13259, 'pm25': 13258}}",2.45,22.7,29.15,3.72,13.71,4.85,356671995,83.1,MOD-00632,12.7,2025-04-07T02:20:23,2025-04-06T19:20:23,https://api.quant-aq.com/v1/devices/MOD-00632/data/356671897
784.19,584.1,"{'lat': None, 'lon': None}","{'rh': 82.9, 'temp': 12.7, 'wd': 0.0, 'ws': 0.0, 'ws_scalar': 0.0}","{'gas': {'co': 13517, 'co2': 13280, 'no': 13605, 'no2': 13786, 'o3': 13764}, 'pm': {'pm1': 13257, 'pm10': 13259, 'pm25': 13258}}",2.45,21.77,29.56,3.4,10.57,4.65,356671997,82.9,MOD-00632,12.7,2025-04-07T02:19:23,2025-04-06T19:19:23,https://api.quant-aq.com/v1/devices/MOD-00632/data/356671899
787.81,583.5,"{'lat': None, 'lon': None}","{'rh': 83.0, 'temp': 12.7, 'wd': 0.0, 'ws': 0.0, 'ws_scalar': 0.0}","{'gas': {'co': 13517, 'co2': 13280, 'no': 13605, 'no2': 13786, 'o3': 13764}, 'pm': {'pm1': 13257, 'pm10': 13259, 'pm25': 13258}}",2.45,22.24,28.79,3.42,9.83,4.21,356669676,83.0,MOD-00632,12.7,2025-04-07T02:18:23,2025-04-06T19:18:23,https://api.quant-aq.com/v1/devices/MOD-00632/data/356669578
793.42,583.5,"{'lat': None, 'lon': None}","{'rh': 83.2, 'temp': 12.7, 'wd': 0.0, 'ws': 0.0, 'ws_scalar': 0.0}","{'gas': {'co': 13517, 'co2': 13280, 'no': 13605, 'no2': 13786, 'o3': 13764}, 'pm': {'pm1': 13257, 'pm10': 13259, 'pm25': 13258}}",2.45,22.23,28.75,3.54,19.38,4.39,356669675,83.2,MOD-00632,12.7,2025-04-07T02:17:23,2025-04-06T19:17:23,https://api.quant-aq.com/v1/devices/MOD-00632/data/356669577
797.11,580.97,"{'lat': None, 'lon': None}","{'rh': 83.2, 'temp': 12.7, 'wd': 0.0, 'ws': 0.0, 'ws_scalar': 0.0}","{'gas': {'co': 13517, 'co2': 13280, 'no': 13605, 'no2': 13786, 'o3': 13764}, 'pm': {'pm1': 13257, 'pm10': 13259, 'pm25': 13258}}",2.45,22.94,28.37,3.32,12.31,4.64,356669673,83.2,MOD-00632,12.7,2025-04-07T02:16:23,2025-04-06T19:16:23,https://api.quant-aq.com/v1/devices/MOD-00632/data/356669576
790.17,583.62,"{'lat': None, 'lon': None}","{'rh': 83.0, 'temp': 12.6, 'wd': 0.0, 'ws': 0.0, 'ws_scalar': 0.0}","{'gas': {'co': 13517, 'co2': 13280, 'no': 13605, 'no2': 13786, 'o3': 13764}, 'pm': {'pm1': 13257, 'pm10': 13259, 'pm25': 13258}}",2.45,22.23,28.81,3.3,7.78,3.91,356669677,83.0,MOD-00632,12.6,2025-04-07T02:15:23,2025-04-06T19:15:23,https://api.quant-aq.com/v1/devices/MOD-00632/data/356669579
783.26,583.86,"{'lat': None, 'lon': None}","{'rh': 82.9, 'temp': 12.6, 'wd': 0.0, 'ws': 0.0, 'ws_scalar': 0.0}","{'gas': {'co': 13517, 'co2': 13280, 'no': 13605, 'no2': 13786, 'o3': 13764}, 'pm': {'pm1': 13257, 'pm10': 13259, 'pm25': 13258}}",2.45,22.47,29.59,3.54,6.15,4.41,356667444,82.9,MOD-00632,12.6,2025-04-07T02:14:23,2025-04-06T19:14:23,https://api.quant-aq.com/v1/devices/MOD-00632/data/356667346
790.68,585.07,"{'lat': None, 'lon': None}","{'rh': 83.0, 'temp': 12.7, 'wd': 0.0, 'ws': 0.0, 'ws_scalar': 0.0}","{'gas': {'co': 13517, 'co2': 13280, 'no': 13605, 'no2': 13786, 'o3': 13764}, 'pm': {'pm1': 13257, 'pm10': 13259, 'pm25': 13258}}",2.45,22.24,29.17,3.44,8.44,4.26,356667441,83.0,MOD-00632,12.7,2025-04-07T02:13:23,2025-04-06T19:13:23,https://api.quant-aq.com/v1/devices/MOD-00632/data/356667343
785.01,581.33,"{'lat': None, 'lon': None}","{'rh': 82.9, 'temp': 12.7, 'wd': 0.0, 'ws': 0.0, 'ws_scalar': 0.0}","{'gas': {'co': 13517, 'co2': 13280, 'no': 13605, 'no2': 13786, 'o3': 13764}, 'pm': {'pm1': 13257, 'pm10': 13259, 'pm25': 13258}}",2.45,21.77,29.94,3.59,24.78,4.54,356667443,82.9,MOD-00632,12.7,2025-04-07T02:12:23,2025-04-06T19:12:23,https://api.quant-aq.com/v1/devices/MOD-00632/data/356667345
781.58,580.01,"{'lat': None, 'lon': None}","{'rh': 83.1, 'temp': 12.7, 'wd': 0.0, 'ws': 0.0, 'ws_scalar': 0.0}","{'gas': {'co': 13517, 'co2': 13280, 'no': 13605, 'no2': 13786, 'o3': 13764}, 'pm': {'pm1': 13257, 'pm10': 13259, 'pm25': 13258}}",2.45,21.99,29.53,3.65,9.9,4.39,356667442,83.1,MOD-00632,12.7,2025-04-07T02:11:23,2025-04-06T19:11:23,https://api.quant-aq.com/v1/devices/MOD-00632/data/356667344
782.03,578.56,"{'lat': None, 'lon': None}","{'rh': 82.9, 'temp': 12.6, 'wd': 0.0, 'ws': 0.0, 'ws_scalar': 0.0}","{'gas': {'co': 13517, 'co2': 13280, 'no': 13605, 'no2': 13786, 'o3': 13764}, 'pm': {'pm1': 13257, 'pm10': 13259, 'pm25': 13258}}",2.45,21.76,29.59,3.21,12.53,4.26,356665200,82.9,MOD-00632,12.6,2025-04-07T02:10:23,2025-04-06T19:10:23,https://api.quant-aq.com/v1/devices/MOD-00632/data/356665102
786.79,579.16,"{'lat': None, 'lon': None}","{'rh': 82.7, 'temp': 12.7, 'wd': 0.0, 'ws': 0.0, 'ws_scalar': 0.0}","{'gas': {'co': 13517, 'co2': 13280, 'no': 13605, 'no2': 13786, 'o3': 13764}, 'pm': {'pm1': 13257, 'pm10': 13259, 'pm25': 13258}}",2.45,21.54,30.35,3.49,8.15,4.31,356665201,82.7,MOD-00632,12.7,2025-04-07T02:09:23,2025-04-06T19:09:23,https://api.quant-aq.com/v1/devices/MOD-00632/data/356665103
785.7,580.97,"{'lat': None, 'lon': None}","{'rh': 82.5, 'temp': 12.7, 'wd': 0.0, 'ws': 0.0, 'ws_scalar': 0.0}","{'gas': {'co': 13517, 'co2': 13280, 'no': 13605, 'no2': 13786, 'o3': 13764}, 'pm': {'pm1': 13257, 'pm10': 13259, 'pm25': 13258}}",2.45,21.31,31.14,3.91,18.8,4.86,356665202,82.5,MOD-00632,12.7,2025-04-07T02:08:23,2025-04-06T19:08:23,https://api.quant-aq.com/v1/devices/MOD-00632/data/356665104
780.97,583.62,"{'lat': None, 'lon': None}","{'rh': 82.8, 'temp': 12.7, 'wd': 0.0, 'ws': 0.0, 'ws_scalar': 0.0}","{'gas': {'co': 13517, 'co2': 13280, 'no': 13605, 'no2': 13786, 'o3': 13764}, 'pm': {'pm1': 13257, 'pm10': 13259, 'pm25': 13258}}",2.45,21.53,30.72,3.6,7.01,4.72,356665203,82.8,MOD-00632,12.7,2025-04-07T02:07:23,2025-04-06T19:07:23,https://api.quant-aq.com/v1/devices/MOD-00632/data/356665105
784.19,587.11,"{'lat': None, 'lon': None}","{'rh': 82.9, 'temp': 12.7, 'wd': 0.0, 'ws': 0.0, 'ws_scalar': 0.0}","{'gas': {'co': 13517, 'co2': 13280, 'no': 13605, 'no2': 13786, 'o3': 13764}, 'pm': {'pm1': 13257, 'pm10': 13259, 'pm25': 13258}}",2.45,21.53,30.32,3.38,11.61,4.31,356662931,82.9,MOD-00632,12.7,2025-04-07T02:06:23,2025-04-06T19:06:23,https://api.quant-aq.com/v1/devices/MOD-00632/data/356662833
787.88,576.03,"{'lat': None, 'lon': None}","{'rh': 82.9, 'temp': 12.7, 'wd': 0.0, 'ws': 0.0, 'ws_scalar': 0.0}","{'gas': {'co': 13517, 'co2': 13280, 'no': 13605, 'no2': 13786, 'o3': 13764}, 'pm': {'pm1': 13257, 'pm10': 13259, 'pm25': 13258}}",2.45,21.77,30.32,3.33,6.21,3.92,356662929,82.9,MOD-00632,12.7,2025-04-07T02:05:23,2025-04-06T19:05:23,https://api.quant-aq.com/v1/devices/MOD-00632/data/356662830
787.47,580.97,"{'lat': None, 'lon': None}","{'rh': 82.9, 'temp': 12.7, 'wd': 0.0, 'ws': 0.0, 'ws_scalar': 0.0}","{'gas': {'co': 13517, 'co2': 13280, 'no': 13605, 'no2': 13786, 'o3': 13764}, 'pm': {'pm1': 13257, 'pm10': 13259, 'pm25': 13258}}",2.45,21.29,29.94,3.7,6.92,4.71,356662928,82.9,MOD-00632,12.7,2025-04-07T02:04:23,2025-04-06T19:04:23,https://api.quant-aq.com/v1/devices/MOD-00632/data/356662831
790.68,582.18,"{'lat': None, 'lon': None}","{'rh': 83.0, 'temp': 12.7, 'wd': 0.0, 'ws': 0.0, 'ws_scalar': 0.0}","{'gas': {'co': 13517, 'co2': 13280, 'no': 13605, 'no2': 13786, 'o3': 13764}, 'pm': {'pm1': 13257, 'pm10': 13259, 'pm25': 13258}}",2.45,21.76,30.31,3.15,12.47,3.78,356662930,83.0,MOD-00632,12.7,2025-04-07T02:03:23,2025-04-06T19:03:23,https://api.quant-aq.com/v1/devices/MOD-00632/data/356662832
789.79,579.16,"{'lat': None, 'lon': None}","{'rh': 83.1, 'temp': 12.7, 'wd': 0.0, 'ws': 0.0, 'ws_scalar': 0.0}","{'gas': {'co': 13517, 'co2': 13280, 'no': 13605, 'no2': 13786, 'o3': 13764}, 'pm': {'pm1': 13257, 'pm10': 13259, 'pm25': 13258}}",2.45,21.52,30.67,3.16,12.27,3.84,356660719,83.1,MOD-00632,12.7,2025-04-07T02:02:23,2025-04-06T19:02:23,https://api.quant-aq.com/v1/devices/MOD-00632/data/356660621
785.49,580.61,"{'lat': None, 'lon': None}","{'rh': 82.8, 'temp': 12.7, 'wd': 0.0, 'ws': 0.0, 'ws_scalar': 0.0}","{'gas': {'co': 13517, 'co2': 13280, 'no': 13605, 'no2': 13786, 'o3': 13764}, 'pm': {'pm1': 13257, 'pm10': 13259, 'pm25': 13258}}",2.45,21.53,29.96,3.32,22.39,4.01,356660720,82.8,MOD-00632,12.7,2025-04-07T02:01:23,2025-04-06T19:01:23,https://api.quant-aq.com/v1/devices/MOD-00632/data/356660622
798.22,584.83,"{'lat': None, 'lon': None}","{'rh': 82.8, 'temp': 12.7, 'wd': 0.0, 'ws': 0.0, 'ws_scalar': 0.0}","{'gas': {'co': 13517, 'co2': 13280, 'no': 13605, 'no2': 13786, 'o3': 13764}, 'pm': {'pm1': 13257, 'pm10': 13259, 'pm25': 13258}}",2.45,21.3,30.72,3.27,10.38,4.07,356660718,82.8,MOD-00632,12.7,2025-04-07T02:00:23,2025-04-06T19:00:23,https://api.quant-aq.com/v1/devices/MOD-00632/data/356660620
800.88,583.74,"{'lat': None, 'lon': None}","{'rh': 83.1, 'temp': 12.7, 'wd': 0.0, 'ws': 0.0, 'ws_scalar': 0.0}","{'gas': {'co': 13517, 'co2': 13280, 'no': 13605, 'no2': 13786, 'o3': 13764}, 'pm': {'pm1': 13257, 'pm10': 13259, 'pm25': 13258}}",2.45,21.76,30.29,3.8,8.63,4.92,356660721,83.1,MOD-00632,12.7,2025-04-07T01:59:23,2025-04-06T18:59:23,https://api.quant-aq.com/v1/devices/MOD-00632/data/356660623
795.2,578.56,"{'lat': None, 'lon': None}","{'rh': 83.0, 'temp': 12.7, 'wd': 0.0, 'ws': 0.0, 'ws_scalar': 0.0}","{'gas': {'co': 13517, 'co2': 13280, 'no': 13605, 'no2': 13786, 'o3': 13764}, 'pm': {'pm1': 13257, 'pm10': 13259, 'pm25': 13258}}",2.45,22.0,30.31,3.45,10.16,4.3,356658452,83.0,MOD-00632,12.7,2025-04-07T01:58:23,2025-04-06T18:58:23,https://api.quant-aq.com/v1/devices/MOD-00632/data/356658354
783.85,581.45,"{'lat': None, 'lon': None}","{'rh': 82.8, 'temp': 12.7, 'wd': 0.0, 'ws': 0.0, 'ws_scalar': 0.0}","{'gas': {'co': 13517, 'co2': 13280, 'no': 13605, 'no2': 13786, 'o3': 13764}, 'pm': {'pm1': 13257, 'pm10': 13259, 'pm25': 13258}}",2.45,21.3,30.34,3.14,9.37,3.85,356658451,82.8,MOD-00632,12.7,2025-04-07T01:57:23,2025-04-06T18:57:23,https://api.quant-aq.com/v1/devices/MOD-00632/data/356658353
785.49,579.16,"{'lat': None, 'lon': None}","{'rh': 82.8, 'temp': 12.7, 'wd': 0.0, 'ws': 0.0, 'ws_scalar': 0.0}","{'gas': {'co': 13517, 'co2': 13280, 'no': 13605, 'no2': 13786, 'o3': 13764}, 'pm': {'pm1': 13257, 'pm10': 13259, 'pm25': 13258}}",2.45,21.77,30.72,3.67,8.53,4.71,356658449,82.8,MOD-00632,12.7,2025-04-07T01:56:23,2025-04-06T18:56:23,https://api.quant-aq.com/v1/devices/MOD-00632/data/356658351
781.72,582.3,"{'lat': None, 'lon': None}","{'rh': 82.9, 'temp': 12.7, 'wd': 0.0, 'ws': 0.0, 'ws_scalar': 0.0}","{'gas': {'co': 13517, 'co2': 13280, 'no': 13605, 'no2': 13786, 'o3': 13764}, 'pm': {'pm1': 13257, 'pm10': 13259, 'pm25': 13258}}",2.45,22.0,30.7,3.31,5.13,4.1,356658450,82.9,MOD-00632,12.7,2025-04-07T01:55:23,2025-04-06T18:55:23,https://api.quant-aq.com/v1/devices/MOD-00632/data/356658352
782.35,581.57,"{'lat': None, 'lon': None}","{'rh': 82.6, 'temp': 12.7, 'wd': 0.0, 'ws': 0.0, 'ws_scalar': 0.0}","{'gas': {'co': 13517, 'co2': 13280, 'no': 13605, 'no2': 13786, 'o3': 13764}, 'pm': {'pm1': 13257, 'pm10': 13259, 'pm25': 13258}}",2.45,21.54,30.75,3.42,8.49,4.29,356656189,82.6,MOD-00632,12.7,2025-04-07T01:54:23,2025-04-06T18:54:23,https://api.quant-aq.com/v1/devices/MOD-00632/data/356656090
784.4,580.01,"{'lat': None, 'lon': None}","{'rh': 82.6, 'temp': 12.7, 'wd': 0.0, 'ws': 0.0, 'ws_scalar': 0.0}","{'gas': {'co': 13517, 'co2': 13280, 'no': 13605, 'no2': 13786, 'o3': 13764}, 'pm': {'pm1': 13257, 'pm10': 13259, 'pm25': 13258}}",2.45,22.49,30.37,3.73,6.0,4.56,356656190,82.6,MOD-00632,12.7,2025-04-07T01:53:23,2025-04-06T18:53:23,https://api.quant-aq.com/v1/devices/MOD-00632/data/356656091
789.81,581.21,"{'lat': None, 'lon': None}","{'rh': 82.5, 'temp': 12.7, 'wd': 0.0, 'ws': 0.0, 'ws_scalar': 0.0}","{'gas': {'co': 13517, 'co2': 13280, 'no': 13605, 'no2': 13786, 'o3': 13764}, 'pm': {'pm1': 13257, 'pm10': 13259, 'pm25': 13258}}",2.45,21.78,30.76,3.19,6.48,3.97,356656188,82.5,MOD-00632,12.7,2025-04-07T01:52:23,2025-04-06T18:52:23,https://api.quant-aq.com/v1/devices/MOD-00632/data/356656089
786.31,580.37,"{'lat': None, 'lon': None}","{'rh': 82.8, 'temp': 12.7, 'wd': 0.0, 'ws': 0.0, 'ws_scalar': 0.0}","{'gas': {'co': 13517, 'co2': 13280, 'no': 13605, 'no2': 13786, 'o3': 13764}, 'pm': {'pm1': 13257, 'pm10': 13259, 'pm25': 13258}}",2.45,22.01,30.34,3.44,10.29,4.14,356656187,82.8,MOD-00632,12.7,2025-04-07T01:51:23,2025-04-06T18:51:23,https://api.quant-aq.com/v1/devices/MOD-00632/data/356656092
785.56,580.97,"{'lat': None, 'lon': None}","{'rh': 82.7, 'temp': 12.7, 'wd': 0.0, 'ws': 0.0, 'ws_scalar': 0.0}","{'gas': {'co': 13517, 'co2': 13280, 'no': 13605, 'no2': 13786, 'o3': 13764}, 'pm': {'pm1': 13257, 'pm10': 13259, 'pm25': 13258}}",2.45,21.54,30.73,3.4,6.27,4.31,356653873,82.7,MOD-00632,12.7,2025-04-07T01:50:23,2025-04-06T18:50:23,https://api.quant-aq.com/v1/devices/MOD-00632/data/356653775
785.56,580.85,"{'lat': None, 'lon': None}","{'rh': 82.7, 'temp': 12.7, 'wd': 0.0, 'ws': 0.0, 'ws_scalar': 0.0}","{'gas': {'co': 13517, 'co2': 13280, 'no': 13605, 'no2': 13786, 'o3': 13764}, 'pm': {'pm1': 13257, 'pm10': 13259, 'pm25': 13258}}",2.45,21.54,31.11,3.3,6.46,4.02,356653874,82.7,MOD-00632,12.7,2025-04-07T01:49:23,2025-04-06T18:49:23,https://api.quant-aq.com/v1/devices/MOD-00632/data/356653776
789.4,583.02,"{'lat': None, 'lon': None}","{'rh': 82.5, 'temp': 12.7, 'wd': 0.0, 'ws': 0.0, 'ws_scalar': 0.0}","{'gas': {'co': 13517, 'co2': 13280, 'no': 13605, 'no2': 13786, 'o3': 13764}, 'pm': {'pm1': 13257, 'pm10': 13259, 'pm25': 13258}}",2.45,21.31,31.52,2.99,7.6,3.89,356653876,82.5,MOD-00632,12.7,2025-04-07T01:48:23,2025-04-06T18:48:23,https://api.quant-aq.com/v1/devices/MOD-00632/data/356653777
791.24,579.89,"{'lat': None, 'lon': None}","{'rh': 82.8, 'temp': 12.7, 'wd': 0.0, 'ws': 0.0, 'ws_scalar': 0.0}","{'gas': {'co': 13517, 'co2': 13280, 'no': 13605, 'no2': 13786, 'o3': 13764}, 'pm': {'pm1': 13257, 'pm10': 13259, 'pm25': 13258}}",2.45,21.77,30.72,3.11,8.26,3.75,356653875,82.8,MOD-00632,12.7,2025-04-07T01:47:23,2025-04-06T18:47:23,https://api.quant-aq.com/v1/devices/MOD-00632/data/356653778
787.95,582.3,"{'lat': None, 'lon': None}","{'rh': 82.8, 'temp': 12.7, 'wd': 0.0, 'ws': 0.0, 'ws_scalar': 0.0}","{'gas': {'co': 13517, 'co2': 13280, 'no': 13605, 'no2': 13786, 'o3': 13764}, 'pm': {'pm1': 13257, 'pm10': 13259, 'pm25': 13258}}",2.45,21.77,31.1,3.53,6.24,4.08,356651640,82.8,MOD-00632,12.7,2025-04-07T01:46:23,2025-04-06T18:46:23,https://api.quant-aq.com/v1/devices/MOD-00632/data/356651542
786.99,582.3,"{'lat': None, 'lon': None}","{'rh': 83.0, 'temp': 12.7, 'wd': 0.0, 'ws': 0.0, 'ws_scalar': 0.0}","{'gas': {'co': 13517, 'co2': 13280, 'no': 13605, 'no2': 13786, 'o3': 13764}, 'pm': {'pm1': 13257, 'pm10': 13259, 'pm25': 13258}}",2.45,22.0,29.55,3.38,12.36,4.2,356651638,83.0,MOD-00632,12.7,2025-04-07T01:45:23,2025-04-06T18:45:23,https://api.quant-aq.com/v1/devices/MOD-00632/data/356651540
785.83,583.74,"{'lat': None, 'lon': None}","{'rh': 82.9, 'temp': 12.7, 'wd': 0.0, 'ws': 0.0, 'ws_scalar': 0.0}","{'gas': {'co': 13517, 'co2': 13280, 'no': 13605, 'no2': 13786, 'o3': 13764}, 'pm': {'pm1': 13257, 'pm10': 13259, 'pm25': 13258}}",2.45,21.77,30.7,3.69,14.74,4.51,356651639,82.9,MOD-00632,12.7,2025-04-07T01:44:23,2025-04-06T18:44:23,https://api.quant-aq.com/v1/devices/MOD-00632/data/356651541
784.4,580.85,"{'lat': None, 'lon': None}","{'rh': 82.6, 'temp': 12.7, 'wd': 0.0, 'ws': 0.0, 'ws_scalar': 0.0}","{'gas': {'co': 13517, 'co2': 13280, 'no': 13605, 'no2': 13786, 'o3': 13764}, 'pm': {'pm1': 13257, 'pm10': 13259, 'pm25': 13258}}",2.45,21.78,31.51,3.43,5.36,4.07,356651637,82.6,MOD-00632,12.7,2025-04-07T01:43:23,2025-04-06T18:43:23,https://api.quant-aq.com/v1/devices/MOD-00632/data/356651539
783.17,581.45,"{'lat': None, 'lon': None}","{'rh': 82.6, 'temp': 12.7, 'wd': 0.0, 'ws': 0.0, 'ws_scalar': 0.0}","{'gas': {'co': 13517, 'co2': 13280, 'no': 13605, 'no2': 13786, 'o3': 13764}, 'pm': {'pm1': 13257, 'pm10': 13259, 'pm25': 13258}}",2.45,22.02,31.51,3.4,6.16,4.24,356649447,82.6,MOD-00632,12.7,2025-04-07T01:42:23,2025-04-06T18:42:23,https://api.quant-aq.com/v1/devices/MOD-00632/data/356649348
788.43,581.93,"{'lat': None, 'lon': None}","{'rh': 82.7, 'temp': 12.7, 'wd': 0.0, 'ws': 0.0, 'ws_scalar': 0.0}","{'gas': {'co': 13517, 'co2': 13280, 'no': 13605, 'no2': 13786, 'o3': 13764}, 'pm': {'pm1': 13257, 'pm10': 13259, 'pm25': 13258}}",2.45,21.77,30.35,3.71,6.71,4.68,356649448,82.7,MOD-00632,12.7,2025-04-07T01:41:23,2025-04-06T18:41:23,https://api.quant-aq.com/v1/devices/MOD-00632/data/356649350
784.67,577.0,"{'lat': None, 'lon': None}","{'rh': 82.8, 'temp': 12.7, 'wd': 0.0, 'ws': 0.0, 'ws_scalar': 0.0}","{'gas': {'co': 13517, 'co2': 13280, 'no': 13605, 'no2': 13786, 'o3': 13764}, 'pm': {'pm1': 13257, 'pm10': 13259, 'pm25': 13258}}",2.45,22.24,30.72,3.22,7.58,3.95,356649446,82.8,MOD-00632,12.7,2025-04-07T01:40:23,2025-04-06T18:40:23,https://api.quant-aq.com/v1/devices/MOD-00632/data/356649349
785.22,580.61,"{'lat': None, 'lon': None}","{'rh': 82.6, 'temp': 12.7, 'wd': 0.0, 'ws': 0.0, 'ws_scalar': 0.0}","{'gas': {'co': 13517, 'co2': 13280, 'no': 13605, 'no2': 13786, 'o3': 13764}, 'pm': {'pm1': 13257, 'pm10': 13259, 'pm25': 13258}}",2.45,21.54,31.51,3.19,10.83,3.97,356649445,82.6,MOD-00632,12.7,2025-04-07T01:39:23,2025-04-06T18:39:23,https://api.quant-aq.com/v1/devices/MOD-00632/data/356649347
788.22,581.45,"{'lat': None, 'lon': None}","{'rh': 83.0, 'temp': 12.7, 'wd': 0.0, 'ws': 0.0, 'ws_scalar': 0.0}","{'gas': {'co': 13517, 'co2': 13280, 'no': 13605, 'no2': 13786, 'o3': 13764}, 'pm': {'pm1': 13257, 'pm10': 13259, 'pm25': 13258}}",2.45,21.76,30.69,3.01,6.88,3.74,356647156,83.0,MOD-00632,12.7,2025-04-07T01:38:23,2025-04-06T18:38:23,https://api.quant-aq.com/v1/devices/MOD-00632/data/356647059
783.99,581.45,"{'lat': None, 'lon': None}","{'rh': 82.6, 'temp': 12.7, 'wd': 0.0, 'ws': 0.0, 'ws_scalar': 0.0}","{'gas': {'co': 13517, 'co2': 13280, 'no': 13605, 'no2': 13786, 'o3': 13764}, 'pm': {'pm1': 13257, 'pm10': 13259, 'pm25': 13258}}",2.45,21.54,31.13,3.69,5.86,4.47,356647155,82.6,MOD-00632,12.7,2025-04-07T01:37:23,2025-04-06T18:37:23,https://api.quant-aq.com/v1/devices/MOD-00632/data/356647057
785.76,581.45,"{'lat': None, 'lon': None}","{'rh': 83.0, 'temp': 12.7, 'wd': 0.0, 'ws': 0.0, 'ws_scalar': 0.0}","{'gas': {'co': 13517, 'co2': 13280, 'no': 13605, 'no2': 13786, 'o3': 13764}, 'pm': {'pm1': 13257, 'pm10': 13259, 'pm25': 13258}}",2.45,21.76,30.69,3.28,6.07,4.24,356647154,83.0,MOD-00632,12.7,2025-04-07T01:36:23,2025-04-06T18:36:23,https://api.quant-aq.com/v1/devices/MOD-00632/data/356647056
788.01,580.49,"{'lat': None, 'lon': None}","{'rh': 83.3, 'temp': 12.7, 'wd': 0.0, 'ws': 0.0, 'ws_scalar': 0.0}","{'gas': {'co': 13517, 'co2': 13280, 'no': 13605, 'no2': 13786, 'o3': 13764}, 'pm': {'pm1': 13257, 'pm10': 13259, 'pm25': 13258}}",2.45,22.22,29.88,3.14,11.91,3.68,356647157,83.3,MOD-00632,12.7,2025-04-07T01:35:23,2025-04-06T18:35:23,https://api.quant-aq.com/v1/devices/MOD-00632/data/356647058
785.42,580.61,"{'lat': None, 'lon': None}","{'rh': 82.9, 'temp': 12.7, 'wd': 0.0, 'ws': 0.0, 'ws_scalar': 0.0}","{'gas': {'co': 13517, 'co2': 13280, 'no': 13605, 'no2': 13786, 'o3': 13764}, 'pm': {'pm1': 13257, 'pm10': 13259, 'pm25': 13258}}",2.45,21.29,30.7,2.7,13.35,3.7,356644928,82.9,MOD-00632,12.7,2025-04-07T01:34:23,2025-04-06T18:34:23,https://api.quant-aq.com/v1/devices/MOD-00632/data/356644830
787.4,581.69,"{'lat': None, 'lon': None}","{'rh': 83.0, 'temp': 12.7, 'wd': 0.0, 'ws': 0.0, 'ws_scalar': 0.0}","{'gas': {'co': 13517, 'co2': 13280, 'no': 13605, 'no2': 13786, 'o3': 13764}, 'pm': {'pm1': 13257, 'pm10': 13259, 'pm25': 13258}}",2.45,22.0,30.69,3.48,11.07,4.32,356644930,83.0,MOD-00632,12.7,2025-04-07T01:33:23,2025-04-06T18:33:23,https://api.quant-aq.com/v1/devices/MOD-00632/data/356644832
784.6,580.73,"{'lat': None, 'lon': None}","{'rh': 82.9, 'temp': 12.7, 'wd': 0.0, 'ws': 0.0, 'ws_scalar': 0.0}","{'gas': {'co': 13517, 'co2': 13280, 'no': 13605, 'no2': 13786, 'o3': 13764}, 'pm': {'pm1': 13257, 'pm10': 13259, 'pm25': 13258}}",2.45,22.0,30.7,3.24,14.96,4.01,356644929,82.9,MOD-00632,12.7,2025-04-07T01:32:23,2025-04-06T18:32:23,https://api.quant-aq.com/v1/devices/MOD-00632/data/356644831
785.97,576.64,"{'lat': None, 'lon': None}","{'rh': 82.7, 'temp': 12.7, 'wd': 0.0, 'ws': 0.0, 'ws_scalar': 0.0}","{'gas': {'co': 13517, 'co2': 13280, 'no': 13605, 'no2': 13786, 'o3': 13764}, 'pm': {'pm1': 13257, 'pm10': 13259, 'pm25': 13258}}",2.45,22.01,31.11,3.13,7.16,3.91,356644927,82.7,MOD-00632,12.7,2025-04-07T01:31:23,2025-04-06T18:31:23,https://api.quant-aq.com/v1/devices/MOD-00632/data/356644829
783.31,577.48,"{'lat': None, 'lon': None}","{'rh': 82.4, 'temp': 12.7, 'wd': 0.0, 'ws': 0.0, 'ws_scalar': 0.0}","{'gas': {'co': 13517, 'co2': 13280, 'no': 13605, 'no2': 13786, 'o3': 13764}, 'pm': {'pm1': 13257, 'pm10': 13259, 'pm25': 13258}}",2.45,21.55,31.91,3.1,18.03,3.8,356642626,82.4,MOD-00632,12.7,2025-04-07T01:30:23,2025-04-06T18:30:23,https://api.quant-aq.com/v1/devices/MOD-00632/data/356642528
782.9,576.03,"{'lat': None, 'lon': None}","{'rh': 82.4, 'temp': 12.7, 'wd': 0.0, 'ws': 0.0, 'ws_scalar': 0.0}","{'gas': {'co': 13517, 'co2': 13280, 'no': 13605, 'no2': 13786, 'o3': 13764}, 'pm': {'pm1': 13257, 'pm10': 13259, 'pm25': 13258}}",2.45,21.08,31.54,3.0,7.24,3.69,356642627,82.4,MOD-00632,12.7,2025-04-07T01:29:23,2025-04-06T18:29:23,https://api.quant-aq.com/v1/devices/MOD-00632/data/356642530
795.89,575.67,"{'lat': None, 'lon': None}","{'rh': 82.6, 'temp': 12.7, 'wd': 0.0, 'ws': 0.0, 'ws_scalar': 0.0}","{'gas': {'co': 13517, 'co2': 13280, 'no': 13605, 'no2': 13786, 'o3': 13764}, 'pm': {'pm1': 13257, 'pm10': 13259, 'pm25': 13258}}",2.45,21.54,32.27,3.09,4.84,3.68,356642629,82.6,MOD-00632,12.7,2025-04-07T01:28:23,2025-04-06T18:28:23,https://api.quant-aq.com/v1/devices/MOD-00632/data/356642531
777.83,579.41,"{'lat': None, 'lon': None}","{'rh': 82.6, 'temp': 12.7, 'wd': 0.0, 'ws': 0.0, 'ws_scalar': 0.0}","{'gas': {'co': 13517, 'co2': 13280, 'no': 13605, 'no2': 13786, 'o3': 13764}, 'pm': {'pm1': 13257, 'pm10': 13259, 'pm25': 13258}}",2.45,21.54,31.13,3.53,11.06,4.4,356642628,82.6,MOD-00632,12.7,2025-04-07T01:27:23,2025-04-06T18:27:23,https://api.quant-aq.com/v1/devices/MOD-00632/data/356642529
786.86,580.01,"{'lat': None, 'lon': None}","{'rh': 82.6, 'temp': 12.7, 'wd': 0.0, 'ws': 0.0, 'ws_scalar': 0.0}","{'gas': {'co': 13517, 'co2': 13280, 'no': 13605, 'no2': 13786, 'o3': 13764}, 'pm': {'pm1': 13257, 'pm10': 13259, 'pm25': 13258}}",2.45,21.3,31.51,3.15,12.01,3.75,356640323,82.6,MOD-00632,12.7,2025-04-07T01:26:23,2025-04-06T18:26:23,https://api.quant-aq.com/v1/devices/MOD-00632/data/356640226
785.29,579.89,"{'lat': None, 'lon': None}","{'rh': 82.5, 'temp': 12.7, 'wd': 0.0, 'ws': 0.0, 'ws_scalar': 0.0}","{'gas': {'co': 13517, 'co2': 13280, 'no': 13605, 'no2': 13786, 'o3': 13764}, 'pm': {'pm1': 13257, 'pm10': 13259, 'pm25': 13258}}",2.45,22.02,31.14,3.24,5.23,4.08,356640325,82.5,MOD-00632,12.7,2025-04-07T01:25:23,2025-04-06T18:25:23,https://api.quant-aq.com/v1/devices/MOD-00632/data/356640228
782.49,580.73,"{'lat': None, 'lon': None}","{'rh': 82.4, 'temp': 12.7, 'wd': 0.0, 'ws': 0.0, 'ws_scalar': 0.0}","{'gas': {'co': 13517, 'co2': 13280, 'no': 13605, 'no2': 13786, 'o3': 13764}, 'pm': {'pm1': 13257, 'pm10': 13259, 'pm25': 13258}}",2.45,21.55,31.54,3.31,6.1,3.95,356640324,82.4,MOD-00632,12.7,2025-04-07T01:24:23,2025-04-06T18:24:23,https://api.quant-aq.com/v1/devices/MOD-00632/data/356640225
779.42,578.08,"{'lat': None, 'lon': None}","{'rh': 82.1, 'temp': 12.7, 'wd': 0.0, 'ws': 0.0, 'ws_scalar': 0.0}","{'gas': {'co': 13517, 'co2': 13280, 'no': 13605, 'no2': 13786, 'o3': 13764}, 'pm': {'pm1': 13257, 'pm10': 13259, 'pm25': 13258}}",2.45,21.33,32.72,3.51,9.47,4.25,356640326,82.1,MOD-00632,12.7,2025-04-07T01:23:23,2025-04-06T18:23:23,https://api.quant-aq.com/v1/devices/MOD-00632/data/356640227
787.27,582.3,"{'lat': None, 'lon': None}","{'rh': 82.6, 'temp': 12.7, 'wd': 0.0, 'ws': 0.0, 'ws_scalar': 0.0}","{'gas': {'co': 13517, 'co2': 13280, 'no': 13605, 'no2': 13786, 'o3': 13764}, 'pm': {'pm1': 13257, 'pm10': 13259, 'pm25': 13258}}",2.45,21.78,31.13,3.68,5.95,4.27,356638118,82.6,MOD-00632,12.7,2025-04-07T01:22:23,2025-04-06T18:22:23,https://api.quant-aq.com/v1/devices/MOD-00632/data/356638020
783.58,580.61,"{'lat': None, 'lon': None}","{'rh': 82.6, 'temp': 12.7, 'wd': 0.0, 'ws': 0.0, 'ws_scalar': 0.0}","{'gas': {'co': 13517, 'co2': 13280, 'no': 13605, 'no2': 13786, 'o3': 13764}, 'pm': {'pm1': 13257, 'pm10': 13259, 'pm25': 13258}}",2.45,21.3,31.51,3.68,7.1,4.36,356638117,82.6,MOD-00632,12.7,2025-04-07T01:21:23,2025-04-06T18:21:23,https://api.quant-aq.com/v1/devices/MOD-00632/data/356638019
784.95,581.21,"{'lat': None, 'lon': None}","{'rh': 82.4, 'temp': 12.7, 'wd': 0.0, 'ws': 0.0, 'ws_scalar': 0.0}","{'gas': {'co': 13517, 'co2': 13280, 'no': 13605, 'no2': 13786, 'o3': 13764}, 'pm': {'pm1': 13257, 'pm10': 13259, 'pm25': 13258}}",2.45,21.55,31.91,3.59,8.85,4.5,356638120,82.4,MOD-00632,12.7,2025-04-07T01:20:23,2025-04-06T18:20:23,https://api.quant-aq.com/v1/devices/MOD-00632/data/356638022
785.77,578.8,"{'lat': None, 'lon': None}","{'rh': 82.4, 'temp': 12.7, 'wd': 0.0, 'ws': 0.0, 'ws_scalar': 0.0}","{'gas': {'co': 13517, 'co2': 13280, 'no': 13605, 'no2': 13786, 'o3': 13764}, 'pm': {'pm1': 13257, 'pm10': 13259, 'pm25': 13258}}",2.45,21.55,32.29,3.42,8.12,4.28,356638119,82.4,MOD-00632,12.7,2025-04-07T01:19:23,2025-04-06T18:19:23,https://api.quant-aq.com/v1/devices/MOD-00632/data/356638021
790.63,582.9,"{'lat': None, 'lon': None}","{'rh': 82.5, 'temp': 12.7, 'wd': 0.0, 'ws': 0.0, 'ws_scalar': 0.0}","{'gas': {'co': 13517, 'co2': 13280, 'no': 13605, 'no2': 13786, 'o3': 13764}, 'pm': {'pm1': 13257, 'pm10': 13259, 'pm25': 13258}}",2.45,21.78,31.52,3.58,6.57,4.3,356635835,82.5,MOD-00632,12.7,2025-04-07T01:18:23,2025-04-06T18:18:23,https://api.quant-aq.com/v1/devices/MOD-00632/data/356635737
791.24,584.22,"{'lat': None, 'lon': None}","{'rh': 82.8, 'temp': 12.7, 'wd': 0.0, 'ws': 0.0, 'ws_scalar': 0.0}","{'gas': {'co': 13517, 'co2': 13280, 'no': 13605, 'no2': 13786, 'o3': 13764}, 'pm': {'pm1': 13257, 'pm10': 13259, 'pm25': 13258}}",2.45,21.77,31.48,3.38,5.4,4.23,356635837,82.8,MOD-00632,12.7,2025-04-07T01:17:23,2025-04-06T18:17:23,https://api.quant-aq.com/v1/devices/MOD-00632/data/356635738
787.74,583.38,"{'lat': None, 'lon': None}","{'rh': 83.1, 'temp': 12.7, 'wd': 0.0, 'ws': 0.0, 'ws_scalar': 0.0}","{'gas': {'co': 13517, 'co2': 13280, 'no': 13605, 'no2': 13786, 'o3': 13764}, 'pm': {'pm1': 13257, 'pm10': 13259, 'pm25': 13258}}",2.45,22.47,30.67,3.77,10.59,4.84,356635838,83.1,MOD-00632,12.7,2025-04-07T01:16:23,2025-04-06T18:16:23,https://api.quant-aq.com/v1/devices/MOD-00632/data/356635740
789.18,579.77,"{'lat': None, 'lon': None}","{'rh': 82.8, 'temp': 12.7, 'wd': 0.0, 'ws': 0.0, 'ws_scalar': 0.0}","{'gas': {'co': 13517, 'co2': 13280, 'no': 13605, 'no2': 13786, 'o3': 13764}, 'pm': {'pm1': 13257, 'pm10': 13259, 'pm25': 13258}}",2.45,21.3,31.86,3.47,7.53,4.57,356635836,82.8,MOD-00632,12.7,2025-04-07T01:15:23,2025-04-06T18:15:23,https://api.quant-aq.com/v1/devices/MOD-00632/data/356635739
790.35,579.65,"{'lat': None, 'lon': None}","{'rh': 82.9, 'temp': 12.7, 'wd': 0.0, 'ws': 0.0, 'ws_scalar': 0.0}","{'gas': {'co': 13517, 'co2': 13280, 'no': 13605, 'no2': 13786, 'o3': 13764}, 'pm': {'pm1': 13257, 'pm10': 13259, 'pm25': 13258}}",2.45,22.0,31.84,3.49,7.31,4.5,356633597,82.9,MOD-00632,12.7,2025-04-07T01:14:23,2025-04-06T18:14:23,https://api.quant-aq.com/v1/devices/MOD-00632/data/356633499
793.79,582.78,"{'lat': None, 'lon': None}","{'rh': 83.1, 'temp': 12.6, 'wd': 0.0, 'ws': 0.0, 'ws_scalar': 0.0}","{'gas': {'co': 13517, 'co2': 13280, 'no': 13605, 'no2': 13786, 'o3': 13764}, 'pm': {'pm1': 13257, 'pm10': 13259, 'pm25': 13258}}",2.45,21.99,31.08,3.37,6.35,4.73,356633596,83.1,MOD-00632,12.6,2025-04-07T01:13:23,2025-04-06T18:13:23,https://api.quant-aq.com/v1/devices/MOD-00632/data/356633498
802.27,580.73,"{'lat': None, 'lon': None}","{'rh': 83.3, 'temp': 12.6, 'wd': 0.0, 'ws': 0.0, 'ws_scalar': 0.0}","{'gas': {'co': 13517, 'co2': 13280, 'no': 13605, 'no2': 13786, 'o3': 13764}, 'pm': {'pm1': 13257, 'pm10': 13259, 'pm25': 13258}}",2.45,22.69,30.29,3.42,17.38,4.52,356633595,83.3,MOD-00632,12.6,2025-04-07T01:12:23,2025-04-06T18:12:23,https://api.quant-aq.com/v1/devices/MOD-00632/data/356633497
804.11,582.18,"{'lat': None, 'lon': None}","{'rh': 83.6, 'temp': 12.6, 'wd': 0.0, 'ws': 0.0, 'ws_scalar': 0.0}","{'gas': {'co': 13517, 'co2': 13280, 'no': 13605, 'no2': 13786, 'o3': 13764}, 'pm': {'pm1': 13257, 'pm10': 13259, 'pm25': 13258}}",2.45,22.44,29.86,3.66,13.36,4.86,356633598,83.6,MOD-00632,12.6,2025-04-07T01:11:23,2025-04-06T18:11:23,https://api.quant-aq.com/v1/devices/MOD-00632/data/356633500
789.95,581.33,"{'lat': None, 'lon': None}","{'rh': 83.3, 'temp': 12.6, 'wd': 0.0, 'ws': 0.0, 'ws_scalar': 0.0}","{'gas': {'co': 13517, 'co2': 13280, 'no': 13605, 'no2': 13786, 'o3': 13764}, 'pm': {'pm1': 13257, 'pm10': 13259, 'pm25': 13258}}",2.45,22.93,31.43,3.59,5.98,4.67,356631314,83.3,MOD-00632,12.6,2025-04-07T01:10:23,2025-04-06T18:10:23,https://api.quant-aq.com/v1/devices/MOD-00632/data/356631216
783.12,581.81,"{'lat': None, 'lon': None}","{'rh': 83.1, 'temp': 12.6, 'wd': 0.0, 'ws': 0.0, 'ws_scalar': 0.0}","{'gas': {'co': 13517, 'co2': 13280, 'no': 13605, 'no2': 13786, 'o3': 13764}, 'pm': {'pm1': 13257, 'pm10': 13259, 'pm25': 13258}}",2.45,22.46,31.84,3.21,5.82,4.36,356631313,83.1,MOD-00632,12.6,2025-04-07T01:09:23,2025-04-06T18:09:23,https://api.quant-aq.com/v1/devices/MOD-00632/data/356631214
782.85,575.07,"{'lat': None, 'lon': None}","{'rh': 82.9, 'temp': 12.6, 'wd': 0.0, 'ws': 0.0, 'ws_scalar': 0.0}","{'gas': {'co': 13517, 'co2': 13280, 'no': 13605, 'no2': 13786, 'o3': 13764}, 'pm': {'pm1': 13257, 'pm10': 13259, 'pm25': 13258}}",2.45,22.23,31.87,3.58,9.39,4.7,356631312,82.9,MOD-00632,12.6,2025-04-07T01:08:23,2025-04-06T18:08:23,https://api.quant-aq.com/v1/devices/MOD-00632/data/356631215
784.56,577.12,"{'lat': None, 'lon': None}","{'rh': 82.8, 'temp': 12.6, 'wd': 0.0, 'ws': 0.0, 'ws_scalar': 0.0}","{'gas': {'co': 13517, 'co2': 13280, 'no': 13605, 'no2': 13786, 'o3': 13764}, 'pm': {'pm1': 13257, 'pm10': 13259, 'pm25': 13258}}",2.45,22.47,32.26,4.01,6.5,5.09,356631311,82.8,MOD-00632,12.6,2025-04-07T01:07:23,2025-04-06T18:07:23,https://api.quant-aq.com/v1/devices/MOD-00632/data/356631213
784.49,579.65,"{'lat': None, 'lon': None}","{'rh': 82.9, 'temp': 12.6, 'wd': 0.0, 'ws': 0.0, 'ws_scalar': 0.0}","{'gas': {'co': 13517, 'co2': 13280, 'no': 13605, 'no2': 13786, 'o3': 13764}, 'pm': {'pm1': 13257, 'pm10': 13259, 'pm25': 13258}}",2.45,22.0,31.87,3.82,7.66,4.97,356629051,82.9,MOD-00632,12.6,2025-04-07T01:06:23,2025-04-06T18:06:23,https://api.quant-aq.com/v1/devices/MOD-00632/data/356628952
782.99,583.02,"{'lat': None, 'lon': None}","{'rh': 82.7, 'temp': 12.6, 'wd': 0.0, 'ws': 0.0, 'ws_scalar': 0.0}","{'gas': {'co': 13517, 'co2': 13280, 'no': 13605, 'no2': 13786, 'o3': 13764}, 'pm': {'pm1': 13257, 'pm10': 13259, 'pm25': 13258}}",2.45,21.77,32.28,4.13,6.71,5.35,356629053,82.7,MOD-00632,12.6,2025-04-07T01:05:23,2025-04-06T18:05:23,https://api.quant-aq.com/v1/devices/MOD-00632/data/356628955
789.56,573.5,"{'lat': None, 'lon': None}","{'rh': 82.7, 'temp': 12.6, 'wd': 0.0, 'ws': 0.0, 'ws_scalar': 0.0}","{'gas': {'co': 13517, 'co2': 13280, 'no': 13605, 'no2': 13786, 'o3': 13764}, 'pm': {'pm1': 13257, 'pm10': 13259, 'pm25': 13258}}",2.45,22.0,32.28,3.72,9.46,5.02,356629052,82.7,MOD-00632,12.6,2025-04-07T01:04:23,2025-04-06T18:04:23,https://api.quant-aq.com/v1/devices/MOD-00632/data/356628954
784.36,573.62,"{'lat': None, 'lon': None}","{'rh': 82.5, 'temp': 12.6, 'wd': 0.0, 'ws': 0.0, 'ws_scalar': 0.0}","{'gas': {'co': 13517, 'co2': 13280, 'no': 13605, 'no2': 13786, 'o3': 13764}, 'pm': {'pm1': 13257, 'pm10': 13259, 'pm25': 13258}}",2.45,21.3,33.07,3.73,6.86,4.74,356629050,82.5,MOD-00632,12.6,2025-04-07T01:03:23,2025-04-06T18:03:23,https://api.quant-aq.com/v1/devices/MOD-00632/data/356628953
793.39,575.67,"{'lat': None, 'lon': None}","{'rh': 82.5, 'temp': 12.6, 'wd': 0.0, 'ws': 0.0, 'ws_scalar': 0.0}","{'gas': {'co': 13517, 'co2': 13280, 'no': 13605, 'no2': 13786, 'o3': 13764}, 'pm': {'pm1': 13257, 'pm10': 13259, 'pm25': 13258}}",2.45,22.25,31.93,3.92,13.13,5.2,356626866,82.5,MOD-00632,12.6,2025-04-07T01:02:23,2025-04-06T18:02:23,https://api.quant-aq.com/v1/devices/MOD-00632/data/356626768
803.93,578.2,"{'lat': None, 'lon': None}","{'rh': 82.7, 'temp': 12.6, 'wd': 0.0, 'ws': 0.0, 'ws_scalar': 0.0}","{'gas': {'co': 13517, 'co2': 13280, 'no': 13605, 'no2': 13786, 'o3': 13764}, 'pm': {'pm1': 13257, 'pm10': 13259, 'pm25': 13258}}",2.45,22.0,31.52,3.94,19.32,5.42,356626867,82.7,MOD-00632,12.6,2025-04-07T01:01:23,2025-04-06T18:01:23,https://api.quant-aq.com/v1/devices/MOD-00632/data/356626769
787.58,576.88,"{'lat': None, 'lon': None}","{'rh': 82.6, 'temp': 12.6, 'wd': 0.0, 'ws': 0.0, 'ws_scalar': 0.0}","{'gas': {'co': 13517, 'co2': 13280, 'no': 13605, 'no2': 13786, 'o3': 13764}, 'pm': {'pm1': 13257, 'pm10': 13259, 'pm25': 13258}}",2.45,21.77,32.67,4.21,10.92,5.33,356626865,82.6,MOD-00632,12.6,2025-04-07T01:00:23,2025-04-06T18:00:23,https://api.quant-aq.com/v1/devices/MOD-00632/data/356626767
779.92,574.71,"{'lat': None, 'lon': None}","{'rh': 82.4, 'temp': 12.6, 'wd': 0.0, 'ws': 0.0, 'ws_scalar': 0.0}","{'gas': {'co': 13517, 'co2': 13280, 'no': 13605, 'no2': 13786, 'o3': 13764}, 'pm': {'pm1': 13257, 'pm10': 13259, 'pm25': 13258}}",2.45,22.02,32.32,3.87,18.98,4.86,356626864,82.4,MOD-00632,12.6,2025-04-07T00:59:23,2025-04-06T17:59:23,https://api.quant-aq.com/v1/devices/MOD-00632/data/356626766
786.01,574.59,"{'lat': None, 'lon': None}","{'rh': 82.5, 'temp': 12.6, 'wd': 0.0, 'ws': 0.0, 'ws_scalar': 0.0}","{'gas': {'co': 13517, 'co2': 13280, 'no': 13605, 'no2': 13786, 'o3': 13764}, 'pm': {'pm1': 13257, 'pm10': 13259, 'pm25': 13258}}",2.45,21.54,32.69,4.4,24.78,5.65,356624528,82.5,MOD-00632,12.6,2025-04-07T00:58:23,2025-04-06T17:58:23,https://api.quant-aq.com/v1/devices/MOD-00632/data/356624430
788.54,576.39,"{'lat': None, 'lon': None}","{'rh': 82.4, 'temp': 12.6, 'wd': 0.0, 'ws': 0.0, 'ws_scalar': 0.0}","{'gas': {'co': 13517, 'co2': 13280, 'no': 13605, 'no2': 13786, 'o3': 13764}, 'pm': {'pm1': 13257, 'pm10': 13259, 'pm25': 13258}}",2.45,22.25,32.32,4.51,8.29,5.63,356624527,82.4,MOD-00632,12.6,2025-04-07T00:57:23,2025-04-06T17:57:23,https://api.quant-aq.com/v1/devices/MOD-00632/data/356624429
783.81,576.51,"{'lat': None, 'lon': None}","{'rh': 82.7, 'temp': 12.6, 'wd': 0.0, 'ws': 0.0, 'ws_scalar': 0.0}","{'gas': {'co': 13517, 'co2': 13280, 'no': 13605, 'no2': 13786, 'o3': 13764}, 'pm': {'pm1': 13257, 'pm10': 13259, 'pm25': 13258}}",2.45,21.77,31.9,4.28,8.11,5.61,356624526,82.7,MOD-00632,12.6,2025-04-07T00:56:23,2025-04-06T17:56:23,https://api.quant-aq.com/v1/devices/MOD-00632/data/356624428
785.18,574.59,"{'lat': None, 'lon': None}","{'rh': 82.5, 'temp': 12.6, 'wd': 0.0, 'ws': 0.0, 'ws_scalar': 0.0}","{'gas': {'co': 13517, 'co2': 13280, 'no': 13605, 'no2': 13786, 'o3': 13764}, 'pm': {'pm1': 13257, 'pm10': 13259, 'pm25': 13258}}",2.45,22.01,32.69,4.3,11.39,5.43,356624529,82.5,MOD-00632,12.6,2025-04-07T00:55:23,2025-04-06T17:55:23,https://api.quant-aq.com/v1/devices/MOD-00632/data/356624431
778.88,575.07,"{'lat': None, 'lon': None}","{'rh': 82.7, 'temp': 12.6, 'wd': 0.0, 'ws': 0.0, 'ws_scalar': 0.0}","{'gas': {'co': 13517, 'co2': 13280, 'no': 13605, 'no2': 13786, 'o3': 13764}, 'pm': {'pm1': 13257, 'pm10': 13259, 'pm25': 13258}}",2.45,22.48,31.9,4.36,10.82,5.69,356622276,82.7,MOD-00632,12.6,2025-04-07T00:54:23,2025-04-06T17:54:23,https://api.quant-aq.com/v1/devices/MOD-00632/data/356622178
778.35,571.7,"{'lat': None, 'lon': None}","{'rh': 82.3, 'temp': 12.6, 'wd': 0.0, 'ws': 0.0, 'ws_scalar': 0.0}","{'gas': {'co': 13517, 'co2': 13280, 'no': 13605, 'no2': 13786, 'o3': 13764}, 'pm': {'pm1': 13257, 'pm10': 13259, 'pm25': 13258}}",2.45,22.26,32.71,4.4,9.87,5.58,356622273,82.3,MOD-00632,12.6,2025-04-07T00:53:23,2025-04-06T17:53:23,https://api.quant-aq.com/v1/devices/MOD-00632/data/356622175
787.52,573.26,"{'lat': None, 'lon': None}","{'rh': 82.1, 'temp': 12.6, 'wd': 0.0, 'ws': 0.0, 'ws_scalar': 0.0}","{'gas': {'co': 13517, 'co2': 13280, 'no': 13605, 'no2': 13786, 'o3': 13764}, 'pm': {'pm1': 13257, 'pm10': 13259, 'pm25': 13258}}",2.45,22.03,33.12,4.25,7.25,5.44,356622275,82.1,MOD-00632,12.6,2025-04-07T00:52:23,2025-04-06T17:52:23,https://api.quant-aq.com/v1/devices/MOD-00632/data/356622176
779.79,574.11,"{'lat': None, 'lon': None}","{'rh': 82.0, 'temp': 12.6, 'wd': 0.0, 'ws': 0.0, 'ws_scalar': 0.0}","{'gas': {'co': 13517, 'co2': 13280, 'no': 13605, 'no2': 13786, 'o3': 13764}, 'pm': {'pm1': 13257, 'pm10': 13259, 'pm25': 13258}}",2.45,21.56,33.51,4.46,8.4,5.82,356622274,82.0,MOD-00632,12.6,2025-04-07T00:51:23,2025-04-06T17:51:23,https://api.quant-aq.com/v1/devices/MOD-00632/data/356622177
786.63,572.9,"{'lat': None, 'lon': None}","{'rh': 82.2, 'temp': 12.6, 'wd': 0.0, 'ws': 0.0, 'ws_scalar': 0.0}","{'gas': {'co': 13517, 'co2': 13280, 'no': 13605, 'no2': 13786, 'o3': 13764}, 'pm': {'pm1': 13257, 'pm10': 13259, 'pm25': 13258}}",2.45,21.55,33.11,4.62,9.5,6.13,356619959,82.2,MOD-00632,12.6,2025-04-07T00:50:23,2025-04-06T17:50:23,https://api.quant-aq.com/v1/devices/MOD-00632/data/356619861
776.44,574.95,"{'lat': None, 'lon': None}","{'rh': 82.1, 'temp': 12.6, 'wd': 0.0, 'ws': 0.0, 'ws_scalar': 0.0}","{'gas': {'co': 13517, 'co2': 13280, 'no': 13605, 'no2': 13786, 'o3': 13764}, 'pm': {'pm1': 13257, 'pm10': 13259, 'pm25': 13258}}",2.45,22.27,32.74,4.34,14.94,5.62,356619958,82.1,MOD-00632,12.6,2025-04-07T00:49:23,2025-04-06T17:49:23,https://api.quant-aq.com/v1/devices/MOD-00632/data/356619860
787.79,574.59,"{'lat': None, 'lon': None}","{'rh': 82.3, 'temp': 12.6, 'wd': 0.0, 'ws': 0.0, 'ws_scalar': 0.0}","{'gas': {'co': 13517, 'co2': 13280, 'no': 13605, 'no2': 13786, 'o3': 13764}, 'pm': {'pm1': 13257, 'pm10': 13259, 'pm25': 13258}}",2.45,22.26,32.71,4.76,12.12,6.19,356619957,82.3,MOD-00632,12.6,2025-04-07T00:48:23,2025-04-06T17:48:23,https://api.quant-aq.com/v1/devices/MOD-00632/data/356619859
784.31,573.99,"{'lat': None, 'lon': None}","{'rh': 82.0, 'temp': 12.6, 'wd': 0.0, 'ws': 0.0, 'ws_scalar': 0.0}","{'gas': {'co': 13517, 'co2': 13280, 'no': 13605, 'no2': 13786, 'o3': 13764}, 'pm': {'pm1': 13257, 'pm10': 13259, 'pm25': 13258}}",2.45,21.56,33.51,4.87,11.06,6.0,356619956,82.0,MOD-00632,12.6,2025-04-07T00:47:23,2025-04-06T17:47:23,https://api.quant-aq.com/v1/devices/MOD-00632/data/356619857
782.86,576.88,"{'lat': None, 'lon': None}","{'rh': 82.3, 'temp': 12.6, 'wd': 0.0, 'ws': 0.0, 'ws_scalar': 0.0}","{'gas': {'co': 13517, 'co2': 13280, 'no': 13605, 'no2': 13786, 'o3': 13764}, 'pm': {'pm1': 13257, 'pm10': 13259, 'pm25': 13258}}",2.45,22.73,32.33,4.17,15.94,5.49,356617663,82.3,MOD-00632,12.6,2025-04-07T00:46:23,2025-04-06T17:46:23,https://api.quant-aq.com/v1/devices/MOD-00632/data/356617565
787.38,574.35,"{'lat': None, 'lon': None}","{'rh': 82.3, 'temp': 12.6, 'wd': 0.0, 'ws': 0.0, 'ws_scalar': 0.0}","{'gas': {'co': 13517, 'co2': 13280, 'no': 13605, 'no2': 13786, 'o3': 13764}, 'pm': {'pm1': 13257, 'pm10': 13259, 'pm25': 13258}}",2.45,22.26,31.57,4.69,10.14,6.23,356617664,82.3,MOD-00632,12.6,2025-04-07T00:45:23,2025-04-06T17:45:23,https://api.quant-aq.com/v1/devices/MOD-00632/data/356617566
782.86,572.18,"{'lat': None, 'lon': None}","{'rh': 82.3, 'temp': 12.6, 'wd': 0.0, 'ws': 0.0, 'ws_scalar': 0.0}","{'gas': {'co': 13517, 'co2': 13280, 'no': 13605, 'no2': 13786, 'o3': 13764}, 'pm': {'pm1': 13257, 'pm10': 13259, 'pm25': 13258}}",2.45,22.02,32.71,5.17,26.72,6.71,356617662,82.3,MOD-00632,12.6,2025-04-07T00:44:23,2025-04-06T17:44:23,https://api.quant-aq.com/v1/devices/MOD-00632/data/356617564
783.47,573.5,"{'lat': None, 'lon': None}","{'rh': 82.6, 'temp': 12.6, 'wd': 0.0, 'ws': 0.0, 'ws_scalar': 0.0}","{'gas': {'co': 13517, 'co2': 13280, 'no': 13605, 'no2': 13786, 'o3': 13764}, 'pm': {'pm1': 13257, 'pm10': 13259, 'pm25': 13258}}",2.45,22.24,32.29,4.53,20.19,5.7,356617661,82.6,MOD-00632,12.6,2025-04-07T00:43:23,2025-04-06T17:43:23,https://api.quant-aq.com/v1/devices/MOD-00632/data/356617563
780.74,574.11,"{'lat': None, 'lon': None}","{'rh': 82.4, 'temp': 12.6, 'wd': 0.0, 'ws': 0.0, 'ws_scalar': 0.0}","{'gas': {'co': 13517, 'co2': 13280, 'no': 13605, 'no2': 13786, 'o3': 13764}, 'pm': {'pm1': 13257, 'pm10': 13259, 'pm25': 13258}}",2.45,22.49,32.32,4.74,10.39,6.26,356615427,82.4,MOD-00632,12.6,2025-04-07T00:42:23,2025-04-06T17:42:23,https://api.quant-aq.com/v1/devices/MOD-00632/data/356615328
783.35,572.78,"{'lat': None, 'lon': None}","{'rh': 82.2, 'temp': 12.6, 'wd': 0.0, 'ws': 0.0, 'ws_scalar': 0.0}","{'gas': {'co': 13517, 'co2': 13280, 'no': 13605, 'no2': 13786, 'o3': 13764}, 'pm': {'pm1': 13257, 'pm10': 13259, 'pm25': 13258}}",2.45,22.26,32.73,4.38,10.28,5.88,356615429,82.2,MOD-00632,12.6,2025-04-07T00:41:23,2025-04-06T17:41:23,https://api.quant-aq.com/v1/devices/MOD-00632/data/356615331
783.56,574.23,"{'lat': None, 'lon': None}","{'rh': 81.9, 'temp': 12.6, 'wd': 0.0, 'ws': 0.0, 'ws_scalar': 0.0}","{'gas': {'co': 13517, 'co2': 13280, 'no': 13605, 'no2': 13786, 'o3': 13764}, 'pm': {'pm1': 13257, 'pm10': 13259, 'pm25': 13258}}",2.45,22.27,33.15,4.49,9.52,5.89,356615428,81.9,MOD-00632,12.6,2025-04-07T00:40:23,2025-04-06T17:40:23,https://api.quant-aq.com/v1/devices/MOD-00632/data/356615330
784.9,572.06,"{'lat': None, 'lon': None}","{'rh': 81.9, 'temp': 12.7, 'wd': 0.0, 'ws': 0.0, 'ws_scalar': 0.0}","{'gas': {'co': 13517, 'co2': 13280, 'no': 13605, 'no2': 13786, 'o3': 13764}, 'pm': {'pm1': 13257, 'pm10': 13259, 'pm25': 13258}}",2.45,21.57,33.5,4.28,8.29,5.53,356615426,81.9,MOD-00632,12.7,2025-04-07T00:39:23,2025-04-06T17:39:23,https://api.quant-aq.com/v1/devices/MOD-00632/data/356615329
784.97,573.26,"{'lat': None, 'lon': None}","{'rh': 81.8, 'temp': 12.7, 'wd': 0.0, 'ws': 0.0, 'ws_scalar': 0.0}","{'gas': {'co': 13517, 'co2': 13280, 'no': 13605, 'no2': 13786, 'o3': 13764}, 'pm': {'pm1': 13257, 'pm10': 13259, 'pm25': 13258}}",2.45,21.57,33.51,4.21,7.46,5.38,356613089,81.8,MOD-00632,12.7,2025-04-07T00:38:23,2025-04-06T17:38:23,https://api.quant-aq.com/v1/devices/MOD-00632/data/356612989
787.43,572.06,"{'lat': None, 'lon': None}","{'rh': 81.8, 'temp': 12.7, 'wd': 0.0, 'ws': 0.0, 'ws_scalar': 0.0}","{'gas': {'co': 13517, 'co2': 13280, 'no': 13605, 'no2': 13786, 'o3': 13764}, 'pm': {'pm1': 13257, 'pm10': 13259, 'pm25': 13258}}",2.45,21.81,33.13,4.73,12.04,6.36,356613088,81.8,MOD-00632,12.7,2025-04-07T00:37:23,2025-04-06T17:37:23,https://api.quant-aq.com/v1/devices/MOD-00632/data/356612991
779.51,574.59,"{'lat': None, 'lon': None}","{'rh': 81.4, 'temp': 12.7, 'wd': 0.0, 'ws': 0.0, 'ws_scalar': 0.0}","{'gas': {'co': 13517, 'co2': 13280, 'no': 13605, 'no2': 13786, 'o3': 13764}, 'pm': {'pm1': 13257, 'pm10': 13259, 'pm25': 13258}}",2.45,21.35,33.94,4.77,16.97,6.27,356613090,81.4,MOD-00632,12.7,2025-04-07T00:36:23,2025-04-06T17:36:23,https://api.quant-aq.com/v1/devices/MOD-00632/data/356612992
786.68,574.47,"{'lat': None, 'lon': None}","{'rh': 81.7, 'temp': 12.7, 'wd': 0.0, 'ws': 0.0, 'ws_scalar': 0.0}","{'gas': {'co': 13517, 'co2': 13280, 'no': 13605, 'no2': 13786, 'o3': 13764}, 'pm': {'pm1': 13257, 'pm10': 13259, 'pm25': 13258}}",2.45,21.58,33.53,4.28,8.0,5.76,356613087,81.7,MOD-00632,12.7,2025-04-07T00:35:23,2025-04-06T17:35:23,https://api.quant-aq.com/v1/devices/MOD-00632/data/356612990
783.33,577.6,"{'lat': None, 'lon': None}","{'rh': 81.8, 'temp': 12.7, 'wd': 0.0, 'ws': 0.0, 'ws_scalar': 0.0}","{'gas': {'co': 13517, 'co2': 13280, 'no': 13605, 'no2': 13786, 'o3': 13764}, 'pm': {'pm1': 13257, 'pm10': 13259, 'pm25': 13258}}",2.45,21.81,32.76,4.72,23.54,6.03,356610852,81.8,MOD-00632,12.7,2025-04-07T00:34:23,2025-04-06T17:34:23,https://api.quant-aq.com/v1/devices/MOD-00632/data/356610753
787.98,575.79,"{'lat': None, 'lon': None}","{'rh': 81.6, 'temp': 12.7, 'wd': 0.0, 'ws': 0.0, 'ws_scalar': 0.0}","{'gas': {'co': 13517, 'co2': 13280, 'no': 13605, 'no2': 13786, 'o3': 13764}, 'pm': {'pm1': 13257, 'pm10': 13259, 'pm25': 13258}}",2.45,21.82,33.16,4.57,9.05,5.71,356610853,81.6,MOD-00632,12.7,2025-04-07T00:33:23,2025-04-06T17:33:23,https://api.quant-aq.com/v1/devices/MOD-00632/data/356610755
783.47,576.39,"{'lat': None, 'lon': None}","{'rh': 81.6, 'temp': 12.7, 'wd': 0.0, 'ws': 0.0, 'ws_scalar': 0.0}","{'gas': {'co': 13517, 'co2': 13280, 'no': 13605, 'no2': 13786, 'o3': 13764}, 'pm': {'pm1': 13257, 'pm10': 13259, 'pm25': 13258}}",2.45,21.82,33.54,4.68,14.05,6.03,356610851,81.6,MOD-00632,12.7,2025-04-07T00:32:23,2025-04-06T17:32:23,https://api.quant-aq.com/v1/devices/MOD-00632/data/356610754
781.27,578.08,"{'lat': None, 'lon': None}","{'rh': 81.8, 'temp': 12.7, 'wd': 0.0, 'ws': 0.0, 'ws_scalar': 0.0}","{'gas': {'co': 13517, 'co2': 13280, 'no': 13605, 'no2': 13786, 'o3': 13764}, 'pm': {'pm1': 13257, 'pm10': 13259, 'pm25': 13258}}",2.45,22.05,32.0,4.29,9.39,5.84,356610850,81.8,MOD-00632,12.7,2025-04-07T00:31:23,2025-04-06T17:31:23,https://api.quant-aq.com/v1/devices/MOD-00632/data/356610752
777.65,572.3,"{'lat': None, 'lon': None}","{'rh': 81.7, 'temp': 12.7, 'wd': 0.0, 'ws': 0.0, 'ws_scalar': 0.0}","{'gas': {'co': 13517, 'co2': 13280, 'no': 13605, 'no2': 13786, 'o3': 13764}, 'pm': {'pm1': 13257, 'pm10': 13259, 'pm25': 13258}}",2.45,21.58,32.77,4.79,9.48,6.25,356608537,81.7,MOD-00632,12.7,2025-04-07T00:30:23,2025-04-06T17:30:23,https://api.quant-aq.com/v1/devices/MOD-00632/data/356608439
779.81,575.07,"{'lat': None, 'lon': None}","{'rh': 81.7, 'temp': 12.8, 'wd': 0.0, 'ws': 0.0, 'ws_scalar': 0.0}","{'gas': {'co': 13517, 'co2': 13280, 'no': 13605, 'no2': 13786, 'o3': 13764}, 'pm': {'pm1': 13257, 'pm10': 13259, 'pm25': 13258}}",2.45,22.3,33.12,4.37,8.48,5.34,356608536,81.7,MOD-00632,12.8,2025-04-07T00:29:23,2025-04-06T17:29:23,https://api.quant-aq.com/v1/devices/MOD-00632/data/356608438
779.68,572.66,"{'lat': None, 'lon': None}","{'rh': 81.3, 'temp': 12.8, 'wd': 0.0, 'ws': 0.0, 'ws_scalar': 0.0}","{'gas': {'co': 13517, 'co2': 13280, 'no': 13605, 'no2': 13786, 'o3': 13764}, 'pm': {'pm1': 13257, 'pm10': 13259, 'pm25': 13258}}",2.45,21.6,33.18,4.42,16.78,5.67,356608535,81.3,MOD-00632,12.8,2025-04-07T00:28:23,2025-04-06T17:28:23,https://api.quant-aq.com/v1/devices/MOD-00632/data/356608437
778.45,572.54,"{'lat': None, 'lon': None}","{'rh': 81.3, 'temp': 12.8, 'wd': 0.0, 'ws': 0.0, 'ws_scalar': 0.0}","{'gas': {'co': 13517, 'co2': 13280, 'no': 13605, 'no2': 13786, 'o3': 13764}, 'pm': {'pm1': 13257, 'pm10': 13259, 'pm25': 13258}}",2.45,22.08,33.56,4.76,13.09,6.27,356608534,81.3,MOD-00632,12.8,2025-04-07T00:27:23,2025-04-06T17:27:23,https://api.quant-aq.com/v1/devices/MOD-00632/data/356608436
780.24,569.77,"{'lat': None, 'lon': None}","{'rh': 81.1, 'temp': 12.8, 'wd': 0.0, 'ws': 0.0, 'ws_scalar': 0.0}","{'gas': {'co': 13517, 'co2': 13280, 'no': 13605, 'no2': 13786, 'o3': 13764}, 'pm': {'pm1': 13257, 'pm10': 13259, 'pm25': 13258}}",2.45,20.9,33.2,4.98,30.13,6.56,356606262,81.1,MOD-00632,12.8,2025-04-07T00:26:23,2025-04-06T17:26:23,https://api.quant-aq.com/v1/devices/MOD-00632/data/356606165
779.7,576.15,"{'lat': None, 'lon': None}","{'rh': 80.7, 'temp': 12.8, 'wd': 0.0, 'ws': 0.0, 'ws_scalar': 0.0}","{'gas': {'co': 13517, 'co2': 13280, 'no': 13605, 'no2': 13786, 'o3': 13764}, 'pm': {'pm1': 13257, 'pm10': 13259, 'pm25': 13258}}",2.45,21.39,34.01,4.86,8.17,6.06,356606264,80.7,MOD-00632,12.8,2025-04-07T00:25:23,2025-04-06T17:25:23,https://api.quant-aq.com/v1/devices/MOD-00632/data/356606166
782.09,571.94,"{'lat': None, 'lon': None}","{'rh': 80.8, 'temp': 12.8, 'wd': 0.0, 'ws': 0.0, 'ws_scalar': 0.0}","{'gas': {'co': 13517, 'co2': 13280, 'no': 13605, 'no2': 13786, 'o3': 13764}, 'pm': {'pm1': 13257, 'pm10': 13259, 'pm25': 13258}}",2.45,21.62,34.0,4.86,12.09,6.08,356606265,80.8,MOD-00632,12.8,2025-04-07T00:24:23,2025-04-06T17:24:23,https://api.quant-aq.com/v1/devices/MOD-00632/data/356606167
782.97,568.69,"{'lat': None, 'lon': None}","{'rh': 81.3, 'temp': 12.8, 'wd': 0.0, 'ws': 0.0, 'ws_scalar': 0.0}","{'gas': {'co': 13517, 'co2': 13280, 'no': 13605, 'no2': 13786, 'o3': 13764}, 'pm': {'pm1': 13257, 'pm10': 13259, 'pm25': 13258}}",2.45,21.6,33.18,4.02,16.05,5.42,356606263,81.3,MOD-00632,12.8,2025-04-07T00:23:23,2025-04-06T17:23:23,https://api.quant-aq.com/v1/devices/MOD-00632/data/356606164
777.68,574.83,"{'lat': None, 'lon': None}","{'rh': 80.8, 'temp': 12.9, 'wd': 0.0, 'ws': 0.0, 'ws_scalar': 0.0}","{'gas': {'co': 13517, 'co2': 13280, 'no': 13605, 'no2': 13786, 'o3': 13764}, 'pm': {'pm1': 13257, 'pm10': 13259, 'pm25': 13258}}",2.45,21.39,34.35,4.58,15.25,5.62,356603996,80.8,MOD-00632,12.9,2025-04-07T00:22:23,2025-04-06T17:22:23,https://api.quant-aq.com/v1/devices/MOD-00632/data/356603898
781.32,573.26,"{'lat': None, 'lon': None}","{'rh': 80.3, 'temp': 12.9, 'wd': 0.0, 'ws': 0.0, 'ws_scalar': 0.0}","{'gas': {'co': 13517, 'co2': 13280, 'no': 13605, 'no2': 13786, 'o3': 13764}, 'pm': {'pm1': 13257, 'pm10': 13259, 'pm25': 13258}}",2.39,20.94,34.42,5.16,15.64,6.6,356603995,80.3,MOD-00632,12.9,2025-04-07T00:21:23,2025-04-06T17:21:23,https://api.quant-aq.com/v1/devices/MOD-00632/data/356603897
780.7,574.71,"{'lat': None, 'lon': None}","{'rh': 80.6, 'temp': 12.9, 'wd': 0.0, 'ws': 0.0, 'ws_scalar': 0.0}","{'gas': {'co': 13517, 'co2': 13280, 'no': 13605, 'no2': 13786, 'o3': 13764}, 'pm': {'pm1': 13257, 'pm10': 13259, 'pm25': 13258}}",2.45,21.4,34.0,4.46,12.89,5.6,356603998,80.6,MOD-00632,12.9,2025-04-07T00:20:23,2025-04-06T17:20:23,https://api.quant-aq.com/v1/devices/MOD-00632/data/356603900
777.9,575.07,"{'lat': None, 'lon': None}","{'rh': 80.5, 'temp': 12.9, 'wd': 0.0, 'ws': 0.0, 'ws_scalar': 0.0}","{'gas': {'co': 13517, 'co2': 13280, 'no': 13605, 'no2': 13786, 'o3': 13764}, 'pm': {'pm1': 13257, 'pm10': 13259, 'pm25': 13258}}",2.44,21.17,34.39,3.83,10.99,5.23,356603997,80.5,MOD-00632,12.9,2025-04-07T00:19:23,2025-04-06T17:19:23,https://api.quant-aq.com/v1/devices/MOD-00632/data/356603899
777.27,576.15,"{'lat': None, 'lon': None}","{'rh': 80.8, 'temp': 12.9, 'wd': 0.0, 'ws': 0.0, 'ws_scalar': 0.0}","{'gas': {'co': 13517, 'co2': 13280, 'no': 13605, 'no2': 13786, 'o3': 13764}, 'pm': {'pm1': 13257, 'pm10': 13259, 'pm25': 13258}}",2.45,21.87,33.22,4.68,14.71,6.18,356601745,80.8,MOD-00632,12.9,2025-04-07T00:18:23,2025-04-06T17:18:23,https://api.quant-aq.com/v1/devices/MOD-00632/data/356601647
786.79,580.61,"{'lat': None, 'lon': None}","{'rh': 80.7, 'temp': 12.9, 'wd': 0.0, 'ws': 0.0, 'ws_scalar': 0.0}","{'gas': {'co': 13517, 'co2': 13280, 'no': 13605, 'no2': 13786, 'o3': 13764}, 'pm': {'pm1': 13257, 'pm10': 13259, 'pm25': 13258}}",2.45,21.4,33.23,3.93,23.73,5.18,356601744,80.7,MOD-00632,12.9,2025-04-07T00:17:23,2025-04-06T17:17:23,https://api.quant-aq.com/v1/devices/MOD-00632/data/356601646
790.41,580.37,"{'lat': None, 'lon': None}","{'rh': 80.8, 'temp': 12.9, 'wd': 0.0, 'ws': 0.0, 'ws_scalar': 0.0}","{'gas': {'co': 13517, 'co2': 13280, 'no': 13605, 'no2': 13786, 'o3': 13764}, 'pm': {'pm1': 13257, 'pm10': 13259, 'pm25': 13258}}",2.45,22.11,32.47,4.35,11.76,5.63,356601743,80.8,MOD-00632,12.9,2025-04-07T00:16:23,2025-04-06T17:16:23,https://api.quant-aq.com/v1/devices/MOD-00632/data/356601645
782.82,576.39,"{'lat': None, 'lon': None}","{'rh': 80.5, 'temp': 12.9, 'wd': 0.0, 'ws': 0.0, 'ws_scalar': 0.0}","{'gas': {'co': 13517, 'co2': 13280, 'no': 13605, 'no2': 13786, 'o3': 13764}, 'pm': {'pm1': 13257, 'pm10': 13259, 'pm25': 13258}}",2.44,21.88,32.89,4.08,11.23,5.54,356601742,80.5,MOD-00632,12.9,2025-04-07T00:15:23,2025-04-06T17:15:23,https://api.quant-aq.com/v1/devices/MOD-00632/data/356601644
779.45,577.24,"{'lat': None, 'lon': None}","{'rh': 80.2, 'temp': 13.0, 'wd': 0.0, 'ws': 0.0, 'ws_scalar': 0.0}","{'gas': {'co': 13517, 'co2': 13280, 'no': 13605, 'no2': 13786, 'o3': 13764}, 'pm': {'pm1': 13257, 'pm10': 13259, 'pm25': 13258}}",2.39,21.9,34.03,4.35,25.87,5.63,356599476,80.2,MOD-00632,13.0,2025-04-07T00:14:23,2025-04-06T17:14:23,https://api.quant-aq.com/v1/devices/MOD-00632/data/356599378
782.2,577.6,"{'lat': None, 'lon': None}","{'rh': 79.8, 'temp': 13.0, 'wd': 0.0, 'ws': 0.0, 'ws_scalar': 0.0}","{'gas': {'co': 13517, 'co2': 13280, 'no': 13605, 'no2': 13786, 'o3': 13764}, 'pm': {'pm1': 13257, 'pm10': 13259, 'pm25': 13258}}",2.08,20.73,34.08,4.39,10.08,5.48,356599478,79.8,MOD-00632,13.0,2025-04-07T00:13:23,2025-04-06T17:13:23,https://api.quant-aq.com/v1/devices/MOD-00632/data/356599380
777.4,579.41,"{'lat': None, 'lon': None}","{'rh': 80.2, 'temp': 13.0, 'wd': 0.0, 'ws': 0.0, 'ws_scalar': 0.0}","{'gas': {'co': 13517, 'co2': 13280, 'no': 13605, 'no2': 13786, 'o3': 13764}, 'pm': {'pm1': 13257, 'pm10': 13259, 'pm25': 13258}}",2.39,21.19,34.03,4.62,8.57,5.96,356599475,80.2,MOD-00632,13.0,2025-04-07T00:12:23,2025-04-06T17:12:23,https://api.quant-aq.com/v1/devices/MOD-00632/data/356599377
780.41,576.64,"{'lat': None, 'lon': None}","{'rh': 80.0, 'temp': 13.0, 'wd': 0.0, 'ws': 0.0, 'ws_scalar': 0.0}","{'gas': {'co': 13517, 'co2': 13280, 'no': 13605, 'no2': 13786, 'o3': 13764}, 'pm': {'pm1': 13257, 'pm10': 13259, 'pm25': 13258}}",2.08,21.91,34.06,4.45,15.15,5.48,356599477,80.0,MOD-00632,13.0,2025-04-07T00:11:23,2025-04-06T17:11:23,https://api.quant-aq.com/v1/devices/MOD-00632/data/356599379
784.46,575.43,"{'lat': None, 'lon': None}","{'rh': 79.5, 'temp': 13.0, 'wd': 0.0, 'ws': 0.0, 'ws_scalar': 0.0}","{'gas': {'co': 13517, 'co2': 13280, 'no': 13605, 'no2': 13786, 'o3': 13764}, 'pm': {'pm1': 13257, 'pm10': 13259, 'pm25': 13258}}",1.94,20.75,34.5,4.76,16.47,5.87,356597173,79.5,MOD-00632,13.0,2025-04-07T00:10:23,2025-04-06T17:10:23,https://api.quant-aq.com/v1/devices/MOD-00632/data/356597075
789.98,578.2,"{'lat': None, 'lon': None}","{'rh': 80.4, 'temp': 13.0, 'wd': 0.0, 'ws': 0.0, 'ws_scalar': 0.0}","{'gas': {'co': 13517, 'co2': 13280, 'no': 13605, 'no2': 13786, 'o3': 13764}, 'pm': {'pm1': 13257, 'pm10': 13259, 'pm25': 13258}}",2.39,22.13,32.5,4.17,15.41,5.81,356597171,80.4,MOD-00632,13.0,2025-04-07T00:09:23,2025-04-06T17:09:23,https://api.quant-aq.com/v1/devices/MOD-00632/data/356597073
778.5,576.64,"{'lat': None, 'lon': None}","{'rh': 79.8, 'temp': 13.0, 'wd': 0.0, 'ws': 0.0, 'ws_scalar': 0.0}","{'gas': {'co': 13517, 'co2': 13280, 'no': 13605, 'no2': 13786, 'o3': 13764}, 'pm': {'pm1': 13257, 'pm10': 13259, 'pm25': 13258}}",2.08,20.97,33.33,4.37,12.8,5.47,356597174,79.8,MOD-00632,13.0,2025-04-07T00:08:23,2025-04-06T17:08:23,https://api.quant-aq.com/v1/devices/MOD-00632/data/356597076
776.24,578.56,"{'lat': None, 'lon': None}","{'rh': 80.1, 'temp': 13.0, 'wd': 0.0, 'ws': 0.0, 'ws_scalar': 0.0}","{'gas': {'co': 13517, 'co2': 13280, 'no': 13605, 'no2': 13786, 'o3': 13764}, 'pm': {'pm1': 13257, 'pm10': 13259, 'pm25': 13258}}",2.39,21.43,33.67,4.06,15.63,5.18,356597172,80.1,MOD-00632,13.0,2025-04-07T00:07:23,2025-04-06T17:07:23,https://api.quant-aq.com/v1/devices/MOD-00632/data/356597074
782.48,575.43,"{'lat': None, 'lon': None}","{'rh': 79.4, 'temp': 13.0, 'wd': 0.0, 'ws': 0.0, 'ws_scalar': 0.0}","{'gas': {'co': 13517, 'co2': 13280, 'no': 13605, 'no2': 13786, 'o3': 13764}, 'pm': {'pm1': 13257, 'pm10': 13259, 'pm25': 13258}}",1.9,20.99,34.14,4.62,22.98,5.85,356594932,79.4,MOD-00632,13.0,2025-04-07T00:06:23,2025-04-06T17:06:23,https://api.quant-aq.com/v1/devices/MOD-00632/data/356594834
777.52,576.03,"{'lat': None, 'lon': None}","{'rh': 79.6, 'temp': 13.1, 'wd': 0.0, 'ws': 0.0, 'ws_scalar': 0.0}","{'gas': {'co': 13517, 'co2': 13280, 'no': 13605, 'no2': 13786, 'o3': 13764}, 'pm': {'pm1': 13257, 'pm10': 13259, 'pm25': 13258}}",2.06,21.22,33.71,4.51,12.81,5.48,356594931,79.6,MOD-00632,13.1,2025-04-07T00:05:23,2025-04-06T17:05:23,https://api.quant-aq.com/v1/devices/MOD-00632/data/356594833
777.73,570.61,"{'lat': None, 'lon': None}","{'rh': 79.3, 'temp': 13.1, 'wd': 0.0, 'ws': 0.0, 'ws_scalar': 0.0}","{'gas': {'co': 13517, 'co2': 13280, 'no': 13605, 'no2': 13786, 'o3': 13764}, 'pm': {'pm1': 13257, 'pm10': 13259, 'pm25': 13258}}",1.9,20.52,33.75,4.2,17.71,5.45,356594930,79.3,MOD-00632,13.1,2025-04-07T00:04:23,2025-04-06T17:04:23,https://api.quant-aq.com/v1/devices/MOD-00632/data/356594832
783.21,569.65,"{'lat': None, 'lon': None}","{'rh': 79.1, 'temp': 13.1, 'wd': 0.0, 'ws': 0.0, 'ws_scalar': 0.0}","{'gas': {'co': 13517, 'co2': 13280, 'no': 13605, 'no2': 13786, 'o3': 13764}, 'pm': {'pm1': 13257, 'pm10': 13259, 'pm25': 13258}}",1.9,20.77,34.9,4.98,9.08,6.04,356594927,79.1,MOD-00632,13.1,2025-04-07T00:03:23,2025-04-06T17:03:23,https://api.quant-aq.com/v1/devices/MOD-00632/data/356594831
792.85,575.67,"{'lat': None, 'lon': None}","{'rh': 79.4, 'temp': 13.1, 'wd': 0.0, 'ws': 0.0, 'ws_scalar': 0.0}","{'gas': {'co': 13517, 'co2': 13280, 'no': 13605, 'no2': 13786, 'o3': 13764}, 'pm': {'pm1': 13257, 'pm10': 13259, 'pm25': 13258}}",1.92,20.76,33.74,4.7,14.34,5.86,356592673,79.4,MOD-00632,13.1,2025-04-07T00:02:23,2025-04-06T17:02:23,https://api.quant-aq.com/v1/devices/MOD-00632/data/356592575
785.93,573.5,"{'lat': None, 'lon': None}","{'rh': 79.9, 'temp': 13.1, 'wd': 0.0, 'ws': 0.0, 'ws_scalar': 0.0}","{'gas': {'co': 13517, 'co2': 13280, 'no': 13605, 'no2': 13786, 'o3': 13764}, 'pm': {'pm1': 13257, 'pm10': 13259, 'pm25': 13258}}",2.06,21.45,33.67,4.3,10.45,5.14,356592671,79.9,MOD-00632,13.1,2025-04-07T00:01:23,2025-04-06T17:01:23,https://api.quant-aq.com/v1/devices/MOD-00632/data/356592574
776.9,576.51,"{'lat': None, 'lon': None}","{'rh': 79.9, 'temp': 13.1, 'wd': 0.0, 'ws': 0.0, 'ws_scalar': 0.0}","{'gas': {'co': 13517, 'co2': 13280, 'no': 13605, 'no2': 13786, 'o3': 13764}, 'pm': {'pm1': 13257, 'pm10': 13259, 'pm25': 13258}}",2.06,21.21,33.3,4.14,14.83,5.02,356592672,79.9,MOD-00632,13.1,2025-04-07T00:00:23,2025-04-06T17:00:23,https://api.quant-aq.com/v1/devices/MOD-00632/data/356592573
